"9-CT","23-ME","25-MA","33-NH","44-RI","50-VT","34-NJ","36-NY","42-PA","17-IL","18-IN","26-MI","39-OH","55-WI","19-IA","20-KS","27-MN","29-MO","31-NE","38-ND","46-SD","10-DE","11-DC","12-FL","13-GA","24-MD","37-NC","45-SC","51-VA","54-WV","1-AL","21-KY","28-MS","47-TN","5-AR","22-LA","40-OK","48-TX","4-AZ","8-CO","16-ID","30-MT","32-NV","35-NM","49-UT","56-WY","2-AK","6-CA","15-HI","41-OR","53-WA"
18220,6510,34800,6500,5170,2870,50620,109240,67810,79750,40490,54890,66280,33280,18720,20260,32110,36080,12680,4100,5210,4930,3570,100850,62780,34410,62470,28890,47720,10030,30180,27000,19600,38130,18070,30570,24830,180210,41510,31900,11400,5940,17000,13400,25160,3820,5050,228510,7870,21580,41910
0,0,0,0,0,0,0,0,0,0,0,0,0,0,0,0,0,0,0,0,0,0,0,0,0,0,0,0,0,0,0,0,0,0,0,0,0,0,0,0,0,0,0,0,0,0,0,0,0,0,0
18850,6520,35400,6510,5820,3220,51850,111360,69900,79860,41940,57290,70430,35190,19440,19440,32980,37810,12940,4350,6220,5030,3500,103070,64560,33880,63280,30190,48330,9440,29250,27300,20740,39900,19100,31370,25690,185860,43210,32020,12310,5940,18720,13720,26350,4110,5450,243620,8440,22740,44000
0,0,0,0,0,0,0,0,0,0,0,0,0,0,0,0,0,0,0,0,0,0,0,0,0,0,0,0,0,0,0,0,0,0,0,0,0,0,0,0,0,0,0,0,0,0,0,0,0,0,0
20820,6770,36500,6690,5810,3190,53500,114630,73170,84090,43510,59360,71360,35260,20530,20900,35410,39050,12080,4230,5830,5880,3220,108130,67750,36540,66920,30910,50500,9970,31140,28000,21520,40550,20070,32090,26400,193160,46160,34440,12260,6090,18240,14240,26380,4090,4950,253810,8590,24690,43540
0,0,0,0,0,0,0,0,0,0,0,0,0,0,0,0,0,0,0,0,0,0,0,0,0,0,0,0,0,0,0,0,0,0,0,0,0,0,0,0,0,0,0,0,0,0,0,0,0,0,0
20400,6610,37620,7310,6100,3490,55490,114550,73130,83900,44550,60430,73100,35370,19780,19900,36640,39100,12700,4520,6190,5850,3050,108620,68180,35500,66380,30540,50850,10450,30830,28630,21120,41630,19810,32050,26840,193160,47290,34800,11710,6280,18670,14610,25720,4310,5410,257440,8290,23510,43990
0,0,0,0,0,0,0,0,0,0,0,0,0,0,0,0,0,0,0,0,0,0,0,0,0,0,0,0,0,0,0,0,0,0,0,0,0,0,0,0,0,0,0,0,0,0,0,0,0,0,0
20710,7020,37940,7420,6010,3370,54140,112490,72280,83030,42320,60120,71420,35840,20220,20360,36010,38970,12160,4370,6090,5930,2990,106260,68750,35830,64610,29390,50010,9950,29880,27840,20600,41710,19920,29830,25320,188860,44790,34730,12250,5840,19170,14270,25520,4060,4860,252100,8690,24210,42360
0,0,0,0,0,0,0,0,0,0,0,0,0,0,0,0,0,0,0,0,0,0,0,0,0,0,0,0,0,0,0,0,0,0,0,0,0,0,0,0,0,0,0,0,0,0,0,0,0,0,0
21590,6910,37610,7120,6150,3280,54530,113300,72660,85040,43610,60310,71270,35830,19920,19520,35970,37810,12310,4090,5670,5840,2820,103880,67750,35550,64940,28910,50180,10620,29210,28200,20240,41660,19310,30200,25960,190620,44840,34840,11970,6000,18640,14210,25100,3940,5100,248760,7920,22520,42900
0,0,0,0,0,0,0,0,0,0,0,0,0,0,0,0,0,0,0,0,0,0,0,0,0,0,0,0,0,0,0,0,0,0,0,0,0,0,0,0,0,0,0,0,0,0,0,0,0,0,0
20720,6710,37900,7850,5960,3430,55860,113100,72920,84420,43390,63100,72690,36350,20110,20450,35670,36340,12960,4150,5750,6180,2590,105490,67400,35030,65430,30280,50710,10580,29690,28080,19580,39680,18770,29970,24450,190850,45230,33150,11960,6140,18240,14400,24750,3640,4920,245110,8480,22960,41880
0,0,0,0,0,0,0,0,0,0,0,0,0,0,0,0,0,0,0,0,0,0,0,0,0,0,0,0,0,0,0,0,0,0,0,0,0,0,0,0,0,0,0,0,0,0,0,0,0,0,0
22360,7190,37460,7840,5730,3590,54040,112960,74910,83820,43060,60100,72900,34780,19400,19900,35690,38510,12470,3900,5530,5530,2530,103470,66580,35850,63140,28730,49220,10910,28920,25900,19950,39750,19490,29890,25560,188320,43770,34570,11640,5960,17920,14130,25230,3800,5030,243110,7780,23640,42210
0,0,0,0,0,0,0,0,0,0,0,0,0,0,0,0,0,0,0,0,0,0,0,0,0,0,0,0,0,0,0,0,0,0,0,0,0,0,0,0,0,0,0,0,0,0,0,0,0,0,0
22120,7420,36840,7800,6060,3200,55360,114450,73680,84750,44540,64160,73720,35820,19510,18840,34790,38250,13030,4050,5400,5530,2540,104350,68970,35820,64220,29120,50190,10620,29630,27700,19820,39980,19270,29050,25560,187250,43850,33800,11320,6250,18500,13860,23820,3330,4860,243480,8080,22620,40340
0,0,0,0,0,0,0,0,0,0,0,0,0,0,0,0,0,0,0,0,0,0,0,0,0,0,0,0,0,0,0,0,0,0,0,0,0,0,0,0,0,0,0,0,0,0,0,0,0,0,0
21880,7460,39020,7620,5870,3510,56850,115200,75840,85790,44100,64310,76560,37480,19510,20600,34830,39890,11880,4010,5040,5800,2360,109270,69520,36070,66730,29290,51390,10900,31650,28220,20830,41560,19460,31310,25770,189340,44150,35160,11900,5910,18150,13870,23170,3370,4720,246740,8120,24510,42140
0,0,0,0,0,0,0,0,0,0,0,0,0,0,0,0,0,0,0,0,0,0,0,0,0,0,0,0,0,0,0,0,0,0,0,0,0,0,0,0,0,0,0,0,0,0,0,0,0,0,0
23290,7700,38220,7650,5490,3470,56980,117840,76310,87660,44470,66210,75520,37410,19360,19780,34430,38270,12630,3710,5420,5560,2560,110600,68760,36910,65960,30560,51100,11050,31960,29160,21020,41490,19670,30660,25570,189490,46600,34530,11680,5680,17770,14310,24080,3300,4530,249770,7950,24750,41990
0,0,0,0,0,0,0,0,0,0,0,0,0,0,0,0,0,0,0,0,0,0,0,0,0,0,0,0,0,0,0,0,0,0,0,0,0,0,0,0,0,0,0,0,0,0,0,0,0,0,0
23020,8090,39720,8370,6430,3570,56250,115850,74650,85650,44670,64900,75170,36770,19840,19630,35390,39060,11870,3630,4960,5490,2460,110420,66960,36500,66000,29040,48520,11080,30830,28010,20160,42040,18720,29820,25500,186350,43740,32700,11230,6000,18980,14460,22380,3390,4710,253590,7630,23570,42710
0,0,0,0,0,0,0,0,0,0,0,0,0,0,0,0,0,0,0,0,0,0,0,0,0,0,0,0,0,0,0,0,0,0,0,0,0,0,0,0,0,0,0,0,0,0,0,0,0,0,0
22700,7720,39100,8470,6190,3500,57430,117470,75280,84210,44400,65580,75500,36870,20110,18890,34720,39910,11900,4230,5370,5430,2230,110530,67060,36280,64590,28860,49580,10780,30820,27550,19860,40720,19660,30170,24830,182100,43350,31860,10880,6280,17500,13830,21350,3510,4750,251670,8350,23190,41710
0,0,0,0,0,0,0,0,0,0,0,0,0,0,0,0,0,0,0,0,0,0,0,0,0,0,0,0,0,0,0,0,0,0,0,0,0,0,0,0,0,0,0,0,0,0,0,0,0,0,0
23450,7380,39430,8020,6190,3820,58090,118800,77510,86670,43000,65470,74890,36470,19630,18760,34290,37880,11670,3680,5130,5860,2540,110040,67160,37820,62770,28170,50080,10930,31310,26890,20080,41230,19680,29710,24060,183740,42760,32130,11430,5680,17130,13930,21120,3270,4650,252470,7900,23210,42070
0,0,0,0,0,0,0,0,0,0,0,0,0,0,0,0,0,0,0,0,0,0,0,0,0,0,0,0,0,0,0,0,0,0,0,0,0,0,0,0,0,0,0,0,0,0,0,0,0,0,0
23400,8190,39850,8270,6460,3380,56600,122350,78490,86180,43900,66370,74660,37020,18410,18960,33760,38680,12020,3900,5170,5410,2580,111210,65190,37160,64650,27980,48660,10900,31500,26800,20210,40750,18620,29890,23290,179010,42430,31910,11750,5990,18340,13600,21370,3210,4850,257630,8110,22360,42720
0,0,0,0,0,0,0,0,0,0,0,0,0,0,0,0,0,0,0,0,0,0,0,0,0,0,0,0,0,0,0,0,0,0,0,0,0,0,0,0,0,0,0,0,0,0,0,0,0,0,0
24440,8030,40890,8780,7030,3710,60130,126810,82370,89070,45130,69760,77370,36480,19700,18750,35170,39880,11160,4050,5000,5960,2750,115810,67550,38290,64920,28840,51020,11240,32250,27640,21580,41680,18650,29340,24140,180650,42620,32240,10940,6070,17710,13350,20220,3370,4810,265290,8570,24350,43800
0,0,0,0,0,0,0,0,0,0,0,0,0,0,0,0,0,0,0,0,0,0,0,0,0,0,0,0,0,0,0,0,0,0,0,0,0,0,0,0,0,0,0,0,0,0,0,0,0,0,0
24620,8530,42810,8310,6920,4120,59240,127550,83750,88620,45330,72410,77480,38020,19950,18210,36120,40500,12690,4320,5120,5820,2610,116660,69060,38250,64200,31290,53000,11090,33590,28580,21590,42650,19290,31360,24310,181600,45620,32860,11450,6650,17840,14310,21380,3740,5420,270990,8450,23760,44150
0,0,0,0,0,0,0,0,0,0,0,0,0,0,0,0,0,0,0,0,0,0,0,0,0,0,0,0,0,0,0,0,0,0,0,0,0,0,0,0,0,0,0,0,0,0,0,0,0,0,0
25270,8630,43040,9210,7160,4370,61750,131240,85940,90380,45200,72690,81450,38470,21010,19410,36150,40820,11870,3900,5320,5970,2870,117820,70080,40670,66650,31060,53780,11380,33170,28700,22370,42210,20400,30550,25970,182460,44110,33230,10760,6420,17530,15070,21130,3450,5190,270430,8300,25480,45640
0,0,0,0,0,0,0,0,0,0,0,0,0,0,0,0,0,0,0,0,0,0,0,0,0,0,0,0,0,0,0,0,0,0,0,0,0,0,0,0,0,0,0,0,0,0,0,0,0,0,0
24370,9180,47520,9410,9130,4740,55840,135740,92910,91020,46790,73730,81380,38480,21980,19980,36710,41540,13120,4580,5680,6780,5150,120150,69300,39300,68420,33070,56680,12250,34320,28320,22410,43150,20350,32690,26850,181270,44880,32480,11150,6210,17430,14570,23090,3770,4940,270460,8060,25180,45880
0,0,0,0,0,0,0,0,0,0,0,0,0,0,0,0,0,0,0,0,0,0,0,0,0,0,0,0,0,0,0,0,0,0,0,0,0,0,0,0,0,0,0,0,0,0,0,0,0,0,0
24770,9020,52350,9680,10360,5730,52270,144140,99270,88440,49350,74420,82290,39850,23100,20700,35210,43520,13190,5390,6400,7060,7130,125520,71120,40120,71590,36660,57210,13020,36700,30630,23740,44970,21120,34450,27810,180620,45620,33430,11640,6630,16890,14280,23630,4410,4690,276100,7790,26900,44470
0,0,0,0,0,0,0,0,0,0,0,0,0,0,0,0,0,0,0,0,0,0,0,0,0,0,0,0,0,0,0,0,0,0,0,0,0,0,0,0,0,0,0,0,0,0,0,0,0,0,0
23800,8830,49760,8620,10220,4610,52580,143770,94790,88180,48330,75370,81940,39300,23790,20100,35180,42610,12640,5930,5350,6920,6510,127000,70370,40050,72110,36820,57340,12950,36140,30030,23350,45020,20530,33690,28790,180610,44620,33620,11690,6680,17190,14220,23240,3940,4920,277040,8600,25800,45290
0,0,0,0,0,0,0,0,0,0,0,0,0,0,0,0,0,0,0,0,0,0,0,0,0,0,0,0,0,0,0,0,0,0,0,0,0,0,0,0,0,0,0,0,0,0,0,0,0,0,0
23120,8700,49060,9250,9560,4030,50890,137600,90560,84270,48560,69050,77960,39030,21760,18820,35700,41890,12830,5770,5850,6600,6460,121730,68970,37550,70390,34630,56510,11320,34050,28480,22000,43920,20090,34150,26940,178080,42800,32520,10910,6590,16880,13370,22790,3930,4550,269740,8290,24950,43370
0,0,0,0,0,0,0,0,0,0,0,0,0,0,0,0,0,0,0,0,0,0,0,0,0,0,0,0,0,0,0,0,0,0,0,0,0,0,0,0,0,0,0,0,0,0,0,0,0,0,0
22390,7670,47430,8150,7740,4180,53190,136450,85420,84810,44190,66930,74460,37180,20270,19510,34450,40400,11950,5220,5650,6070,7000,118920,65920,38940,66630,31980,55050,10900,32060,28950,20800,42360,19560,32050,25870,175840,42120,32460,10140,6510,17000,13560,21730,3430,5310,263570,8640,24810,44490
0,0,0,0,0,0,0,0,0,0,0,0,0,0,0,0,0,0,0,0,0,0,0,0,0,0,0,0,0,0,0,0,0,0,0,0,0,0,0,0,0,0,0,0,0,0,0,0,0,0,0
21080,7690,45470,7840,7040,3630,51820,140070,80000,86200,42180,63060,72460,37820,18210,19810,34720,40210,12730,5380,5940,5330,7590,116400,65100,39570,65680,31080,54840,11360,32580,27910,20390,41790,20030,32840,26110,176940,40500,32700,10380,6730,17490,13570,22320,3760,4870,257540,8620,25200,44550
0,0,0,0,0,0,0,0,0,0,0,0,0,0,0,0,0,0,0,0,0,0,0,0,0,0,0,0,0,0,0,0,0,0,0,0,0,0,0,0,0,0,0,0,0,0,0,0,0,0,0
21370,7010,44840,7660,6920,3660,53360,140310,79350,89560,41890,61000,72980,37330,19020,20070,33280,40540,11980,4980,5610,5830,8130,118820,68030,39420,64060,30160,55950,11250,31300,28140,19390,43000,19290,33700,25800,181160,41410,35190,10380,6280,17690,13420,22190,3810,4950,264200,8850,24430,46420
0,0,0,0,0,0,0,0,0,0,0,0,0,0,0,0,0,0,0,0,0,0,0,0,0,0,0,0,0,0,0,0,0,0,0,0,0,0,0,0,0,0,0,0,0,0,0,0,0,0,0
20990,7220,46780,7330,6490,3740,53410,144350,79350,89970,41680,58750,73950,36510,19770,19110,36290,40450,12720,4570,5440,5640,7520,118160,66620,40070,61330,31090,55910,10470,32450,27710,20370,41980,19320,34440,25780,180830,42600,35100,10790,6260,19020,14400,22300,4220,5510,265350,8750,25950,47350
0,0,0,0,0,0,0,0,0,0,0,0,0,0,0,0,0,0,0,0,0,0,0,0,0,0,0,0,0,0,0,0,0,0,0,0,0,0,0,0,0,0,0,0,0,0,0,0,0,0,0
21360,6880,44130,7310,6620,3260,53200,139150,77190,88000,41600,56620,71000,35850,18880,19340,36910,39910,11960,4800,5470,5690,7700,115510,67510,38350,61320,30300,54280,10130,31100,27020,19590,41410,19060,33530,25740,178450,42350,36960,9980,6160,18880,13380,21640,4190,5300,260960,8450,25700,47130
0,0,0,0,0,0,0,0,0,0,0,0,0,0,0,0,0,0,0,0,0,0,0,0,0,0,0,0,0,0,0,0,0,0,0,0,0,0,0,0,0,0,0,0,0,0,0,0,0,0,0
21590,7220,44860,7950,6540,3930,55630,140700,79700,92600,41750,58350,70900,36440,18980,19920,37360,40890,12860,4760,5180,5600,8050,118720,68570,40550,63100,30550,57950,10540,30800,28430,19780,41590,19450,33920,26000,185240,43360,36090,10440,6170,20270,13950,21900,3860,5350,267780,9720,25420,47980
0,0,0,0,0,0,0,0,0,0,0,0,0,0,0,0,0,0,0,0,0,0,0,0,0,0,0,0,0,0,0,0,0,0,0,0,0,0,0,0,0,0,0,0,0,0,0,0,0,0,0
21180,7080,44370,7370,6440,3310,55160,137690,75670,89650,41320,59570,71760,36460,19210,19730,37640,39950,12890,4810,5060,5720,6780,116180,67090,39820,62230,30690,55750,10460,32180,28660,20350,42390,18790,32800,25860,181800,42810,36580,10140,6500,20130,13750,23370,4190,4990,266620,9000,27090,46530
0,0,0,0,0,0,0,0,0,0,0,0,0,0,0,0,0,0,0,0,0,0,0,0,0,0,0,0,0,0,0,0,0,0,0,0,0,0,0,0,0,0,0,0,0,0,0,0,0,0,0
21130,7470,43620,7290,6780,3590,57840,138350,77540,92480,43800,61010,72930,36230,19490,20040,36970,39990,12670,4380,5370,5880,6920,114900,70880,39350,60940,31060,56520,11620,33060,29160,21190,43130,19920,33040,25650,184050,43650,36020,10910,5860,19470,13880,23560,4070,4820,268110,9520,26660,46950
0,0,0,0,0,0,0,0,0,0,0,0,0,0,0,0,0,0,0,0,0,0,0,0,0,0,0,0,0,0,0,0,0,0,0,0,0,0,0,0,0,0,0,0,0,0,0,0,0,0,0
22260,7180,43900,7670,6960,3620,59110,144000,76730,92780,43300,61520,74690,35900,20450,19400,36540,40470,12520,4220,5740,5850,6540,117390,70390,39860,63790,31060,56400,11490,32690,29470,19670,42960,20010,32080,26920,184280,43110,36860,10520,6140,19670,13760,23160,3980,4710,272910,9200,27210,48840
0,0,0,0,0,0,0,0,0,0,0,0,0,0,0,0,0,0,0,0,0,0,0,0,0,0,0,0,0,0,0,0,0,0,0,0,0,0,0,0,0,0,0,0,0,0,0,0,0,0,0
21050,7270,41240,7100,6380,3460,56340,129310,72790,85730,40500,57680,69130,33730,18020,17760,34460,37530,11140,4160,4980,5370,6260,107430,67320,38180,60110,28640,52410,10460,30100,27190,19710,40010,17600,30060,23430,173830,41110,34860,10420,5400,19380,12520,21290,3720,4830,250300,8740,26020,43450
0,0,0,0,0,0,0,0,0,0,0,0,0,0,0,0,0,0,0,0,0,0,0,0,0,0,0,0,0,0,0,0,0,0,0,0,0,0,0,0,0,0,0,0,0,0,0,0,0,0,0
21600,7420,41100,6910,6110,3360,56080,129160,74010,83830,40610,57740,68970,34790,18570,16930,34640,36760,11510,3740,4870,5590,5800,110380,66710,36320,63180,30350,52730,11500,30060,27260,19040,41210,18550,29580,23670,176060,40400,34550,10170,5760,18660,12300,20310,3360,4630,254210,8180,26350,46140
0,0,0,0,0,0,0,0,0,0,0,0,0,0,0,0,0,0,0,0,0,0,0,0,0,0,0,0,0,0,0,0,0,0,0,0,0,0,0,0,0,0,0,0,0,0,0,0,0,0,0
20780,7170,39410,6790,5480,3370,54110,125720,72220,83220,39450,55860,67140,32950,17700,17450,32580,35840,11110,3990,4520,5250,4940,107990,65080,36770,60580,28950,51560,11040,29070,27470,18460,39270,17880,28860,23110,173180,40610,34440,10120,5880,18880,12270,20310,3510,4590,248000,8280,25290,43230
0,0,0,0,0,0,0,0,0,0,0,0,0,0,0,0,0,0,0,0,0,0,0,0,0,0,0,0,0,0,0,0,0,0,0,0,0,0,0,0,0,0,0,0,0,0,0,0,0,0,0
20050,6920,39050,7160,5690,3650,55420,123680,69720,81610,39130,55460,67130,33180,16460,17020,31250,35440,10680,3730,4370,5120,4500,108160,66610,37280,59090,27390,52010,10980,29420,27230,18600,38850,17700,28340,21760,175190,39030,33050,9590,5560,17700,12520,18730,3130,4280,248700,8520,24440,42160
0,0,0,0,0,0,0,0,0,0,0,0,0,0,0,0,0,0,0,0,0,0,0,0,0,0,0,0,0,0,0,0,0,0,0,0,0,0,0,0,0,0,0,0,0,0,0,0,0,0,0
20950,8060,41170,7400,6260,3870,57660,127180,72960,83990,40430,58710,67270,33860,17590,17200,33170,35280,11160,3620,4900,5600,4850,111090,67650,36810,63320,29630,52650,11400,30700,27410,18730,41560,17740,27250,23220,173720,41380,34310,9070,5730,17630,12120,18760,3230,4540,257310,8380,24410,43770
0,0,0,0,0,0,0,0,0,0,0,0,0,0,0,0,0,0,0,0,0,0,0,0,0,0,0,0,0,0,0,0,0,0,0,0,0,0,0,0,0,0,0,0,0,0,0,0,0,0,0
20160,7550,39980,7530,5940,3400,54700,119110,71460,82590,39060,57130,66140,31890,16060,15520,30980,33400,10650,3130,4530,5500,4560,111160,66960,36890,61720,28250,51770,10970,29760,27330,18470,40750,18330,26620,21620,169730,40140,32750,9180,4660,18330,12270,18010,3220,4420,243830,8790,23490,41670
0,0,0,0,0,0,0,0,0,0,0,0,0,0,0,0,0,0,0,0,0,0,0,0,0,0,0,0,0,0,0,0,0,0,0,0,0,0,0,0,0,0,0,0,0,0,0,0,0,0,0
22340,8240,42450,7840,6370,3370,57960,124420,74200,84410,40730,60770,69980,32900,16780,16420,31200,37500,10220,3590,4010,5680,4730,116800,70310,38950,63490,29810,54900,10730,30610,27350,18530,41920,18300,26580,22640,176470,40170,33050,9350,5260,19210,12770,16830,3040,4390,249770,8220,23390,43500
0,0,0,0,0,0,0,0,0,0,0,0,0,0,0,0,0,0,0,0,0,0,0,0,0,0,0,0,0,0,0,0,0,0,0,0,0,0,0,0,0,0,0,0,0,0,0,0,0,0,0
23930,8830,44280,9170,6930,3630,60900,129490,81130,88060,42660,65010,75980,35700,17560,18090,32980,38100,11270,3890,4350,6020,4230,122820,74210,41030,67310,30770,56160,11900,32390,28320,19450,44000,19160,28760,23540,180230,41820,34820,9040,5220,18890,12580,16640,3170,4690,256920,8730,25270,44320
0,0,0,0,0,0,0,0,0,0,0,0,0,0,0,0,0,0,0,0,0,0,0,0,0,0,0,0,0,0,0,0,0,0,0,0,0,0,0,0,0,0,0,0,0,0,0,0,0,0,0
25190,9070,45980,9980,7510,4250,67640,139920,86790,91960,45030,70060,81570,37850,18750,18480,36390,40360,11560,3640,5000,6590,4130,130820,77570,43790,70700,32230,58540,13020,33950,31250,21100,46080,19480,29420,24500,186040,42260,36950,10130,5990,19670,12510,17280,3360,4720,271370,9280,25660,48730
0,0,0,0,0,0,0,0,0,0,0,0,0,0,0,0,0,0,0,0,0,0,0,0,0,0,0,0,0,0,0,0,0,0,0,0,0,0,0,0,0,0,0,0,0,0,0,0,0,0,0
26970,8730,47390,9310,7630,4180,66660,142800,84880,91580,43050,68650,77930,37280,19030,18020,36010,40120,11360,3590,4550,6410,4460,130980,74870,43520,69130,32630,60880,12290,33180,30490,19550,44930,18980,28920,23980,182030,42700,36560,10190,5700,19560,13490,16390,3180,4750,280140,9710,26910,48760
0,0,0,0,0,0,0,0,0,0,0,0,0,0,0,0,0,0,0,0,0,0,0,0,0,0,0,0,0,0,0,0,0,0,0,0,0,0,0,0,0,0,0,0,0,0,0,0,0,0,0
26720,8400,46520,9190,7470,4010,64560,135050,84570,85210,41310,64450,75920,34670,17800,17230,34210,37140,10750,3660,4480,5660,3490,121100,71660,41560,65940,29950,55680,11680,30730,28510,18510,42900,18240,28990,21920,169290,39640,35010,9150,5550,18330,12600,15600,2970,4110,259530,8430,24880,47190
0,0,0,0,0,0,0,0,0,0,0,0,0,0,0,0,0,0,0,0,0,0,0,0,0,0,0,0,0,0,0,0,0,0,0,0,0,0,0,0,0,0,0,0,0,0,0,0,0,0,0
26680,9090,46990,9830,7470,3800,64490,136410,83760,85620,41040,64320,73660,37660,17530,15710,34520,37700,10480,3640,4420,6350,3300,122260,70070,42790,65120,30080,55690,11940,31680,28230,19190,42730,17390,28730,21280,165620,40550,33160,9020,5470,17780,11890,14830,3050,4180,253580,8850,23850,44300
0,0,0,0,0,0,0,0,0,0,0,0,0,0,0,0,0,0,0,0,0,0,0,0,0,0,0,0,0,0,0,0,0,0,0,0,0,0,0,0,0,0,0,0,0,0,0,0,0,0,0
27010,9770,49440,9810,7640,4280,67580,136820,86930,87250,42070,66910,76010,38670,18140,16410,34940,38280,10350,3300,4620,6330,3520,126160,70570,42900,65190,30220,57310,11930,31630,28660,18830,43140,18050,29340,22690,163960,37200,32510,9410,5520,17620,11650,14500,3200,4320,251520,8670,24210,44780
0,0,0,0,0,0,0,0,0,0,0,0,0,0,0,0,0,0,0,0,0,0,0,0,0,0,0,0,0,0,0,0,0,0,0,0,0,0,0,0,0,0,0,0,0,0,0,0,0,0,0
28340,10410,49410,10570,7770,4780,68750,142360,89490,86740,43320,69480,77020,40770,19020,17590,36100,39490,11130,3780,4720,6170,3740,131430,69630,44960,64880,31130,58860,12390,32430,29730,18940,43550,18210,29720,22000,166480,39960,33700,9620,5830,18620,12680,14500,2790,4690,256930,8690,23790,44170
0,0,0,0,0,0,0,0,0,0,0,0,0,0,0,0,0,0,0,0,0,0,0,0,0,0,0,0,0,0,0,0,0,0,0,0,0,0,0,0,0,0,0,0,0,0,0,0,0,0,0
29450,10560,52410,11120,8170,4900,71970,152140,94230,93570,48710,74210,84590,41860,20410,18770,39040,43190,11570,4140,5050,6840,4020,139230,76180,48060,69500,33400,64290,12760,35010,33090,20790,47550,20010,32200,24890,177000,43660,35500,9330,6490,19310,14220,14510,3460,4990,269010,9870,25070,47890
0,0,0,0,0,0,0,0,0,0,0,0,0,0,0,0,0,0,0,0,0,0,0,0,0,0,0,0,0,0,0,0,0,0,0,0,0,0,0,0,0,0,0,0,0,0,0,0,0,0,0
29900,10310,52700,11190,8270,5110,72870,148710,96130,95320,46940,74710,86560,43530,21470,20930,39640,43290,13250,4440,5660,6980,3590,142950,74570,47780,68150,34500,63710,13090,35210,32580,20660,47270,21080,33390,25590,176750,42730,36490,9930,7250,19080,14130,15250,3760,5140,270920,9480,25450,48700
0,0,0,0,0,0,0,0,0,0,0,0,0,0,0,0,0,0,0,0,0,0,0,0,0,0,0,0,0,0,0,0,0,0,0,0,0,0,0,0,0,0,0,0,0,0,0,0,0,0,0
28780,11080,51720,11590,8300,5180,70140,148560,96380,94580,47830,74360,86870,43310,21380,19940,40330,44210,12420,4770,5820,6790,3840,142190,75770,48420,67500,34270,64120,13380,34910,31960,21570,47340,20710,33360,27200,179270,41270,37510,10300,7760,19130,15070,16450,4130,5280,265940,9710,27660,49420
0,0,0,0,0,0,0,0,0,0,0,0,0,0,0,0,0,0,0,0,0,0,0,0,0,0,0,0,0,0,0,0,0,0,0,0,0,0,0,0,0,0,0,0,0,0,0,0,0,0,0
29720,11200,53730,11280,8190,5020,70500,148430,98650,94350,47320,76640,89950,43990,23190,21130,41290,45670,13120,4850,5750,7110,3840,141860,73460,47850,67820,35410,61460,13570,35260,32820,21350,47700,20520,33930,26520,175190,42380,37600,10290,7430,18230,14730,15360,3990,5560,265510,9630,26880,49930
0,0,0,0,0,0,0,0,0,0,0,0,0,0,0,0,0,0,0,0,0,0,0,0,0,0,0,0,0,0,0,0,0,0,0,0,0,0,0,0,0,0,0,0,0,0,0,0,0,0,0
30310,11140,52520,11580,7760,5470,72480,150950,101100,96880,49450,77470,89750,45440,22240,21420,42000,46350,13500,4910,6270,7280,3690,144700,72080,48760,66320,33830,62100,13280,36980,32770,22600,48820,20750,33750,26740,178890,45080,38910,11170,8040,17970,15650,16270,4290,5220,270260,9380,28000,50490
0,0,0,0,0,0,0,0,0,0,0,0,0,0,0,0,0,0,0,0,0,0,0,0,0,0,0,0,0,0,0,0,0,0,0,0,0,0,0,0,0,0,0,0,0,0,0,0,0,0,0
29720,11760,52740,11930,8670,5080,72350,154220,102520,98870,49030,79070,92340,44990,23480,20970,42710,47180,13970,5450,6340,6820,3450,143150,73030,48460,68880,34550,63470,14370,36040,33180,22630,49130,22010,36060,28290,176060,44790,38630,10090,7650,18950,15580,16240,4620,5640,273780,9690,29140,51180
0,0,0,0,0,0,0,0,0,0,0,0,0,0,0,0,0,0,0,0,0,0,0,0,0,0,0,0,0,0,0,0,0,0,0,0,0,0,0,0,0,0,0,0,0,0,0,0,0,0,0
29510,11870,51740,11330,8320,5110,70010,146080,100430,96510,48120,79350,89880,43730,22310,20680,41200,45470,12860,5250,5390,6470,4070,138860,70400,46700,65850,33560,60820,13910,35980,33100,21770,47040,20000,33300,25680,170060,43330,36910,10800,7620,18160,15070,15210,3900,5630,258570,10030,27040,48330
0,0,0,0,0,0,0,0,0,0,0,0,0,0,0,0,0,0,0,0,0,0,0,0,0,0,0,0,0,0,0,0,0,0,0,0,0,0,0,0,0,0,0,0,0,0,0,0,0,0,0
30130,11250,51960,11770,8660,5520,69820,148760,101300,95330,48440,80290,93220,43310,23370,20750,40290,45650,12680,4880,5890,7110,3640,140350,68360,46000,66100,33640,61690,15560,36320,34360,21370,47660,20810,32980,27520,172670,42950,36720,10790,8190,18030,14550,15160,4360,5690,264070,9600,28200,51020
0,0,0,0,0,0,0,0,0,0,0,0,0,0,0,0,0,0,0,0,0,0,0,0,0,0,0,0,0,0,0,0,0,0,0,0,0,0,0,0,0,0,0,0,0,0,0,0,0,0,0
28420,10970,49430,11770,8530,5130,67380,144370,99540,93960,47640,76560,91220,42840,21390,20940,38100,44800,12300,5460,5840,6510,3690,136380,68180,45190,62340,33830,58380,14510,36340,31080,21380,46820,20580,32790,26700,163600,42870,36740,10900,7940,18500,14600,15210,4440,5310,254810,9490,28700,49850
0,0,0,0,0,0,0,0,0,0,0,0,0,0,0,0,0,0,0,0,0,0,0,0,0,0,0,0,0,0,0,0,0,0,0,0,0,0,0,0,0,0,0,0,0,0,0,0,0,0,0
27510,11140,48440,10350,8080,5270,65530,139720,96930,91110,45980,75210,88480,41750,22620,19630,38110,43600,12410,5030,5900,6410,3830,134230,65090,42980,61160,31760,59060,14360,34100,30860,21060,47520,20110,32120,26000,162450,40570,36430,9960,8340,17400,15060,15290,4150,5400,249730,9400,28920,50300
0,0,0,0,0,0,0,0,0,0,0,0,0,0,0,0,0,0,0,0,0,0,0,0,0,0,0,0,0,0,0,0,0,0,0,0,0,0,0,0,0,0,0,0,0,0,0,0,0,0,0
27400,10710,48420,11220,8110,5060,64050,140220,97290,89340,45670,75240,86840,41050,22570,19280,37710,44070,12560,4830,5540,6790,3840,133860,65480,43480,60970,34160,56930,14970,34370,32260,21220,45690,19560,33420,26270,159370,40610,35770,10270,8320,18510,14980,14310,4520,5670,245040,9760,29100,47520
0,0,0,0,0,0,0,0,0,0,0,0,0,0,0,0,0,0,0,0,0,0,0,0,0,0,0,0,0,0,0,0,0,0,0,0,0,0,0,0,0,0,0,0,0,0,0,0,0,0,0
26350,10630,47350,10150,7780,5430,61020,131210,92930,85440,43580,71400,82050,40540,20830,19390,35480,41410,12560,4540,5210,6420,4010,126210,61380,40560,57980,32800,55150,13860,33330,30300,20420,45510,19740,30960,25070,151550,40600,34420,10160,7640,17030,14690,14200,4040,4780,233640,10290,28530,48320
0,0,0,0,0,0,0,0,0,0,0,0,0,0,0,0,0,0,0,0,0,0,0,0,0,0,0,0,0,0,0,0,0,0,0,0,0,0,0,0,0,0,0,0,0,0,0,0,0,0,0
24440,10670,44960,9480,6990,5170,58200,130060,89700,84810,42180,70360,79850,38260,19920,18870,36000,40840,12050,4810,5420,6410,3750,125330,61620,40670,57210,32770,53090,14440,31780,29350,18360,43690,18840,29080,24330,147450,38570,33350,10580,7760,16140,14610,13630,4520,4430,229260,9540,27870,47390
0,0,0,0,0,0,0,0,0,0,0,0,0,0,0,0,0,0,0,0,0,0,0,0,0,0,0,0,0,0,0,0,0,0,0,0,0,0,0,0,0,0,0,0,0,0,0,0,0,0,0
23750,10290,42540,9160,6940,4580,56230,123800,85280,81250,42010,68470,79950,37480,19780,17800,34610,40990,12220,4330,5260,6310,3800,125460,58090,37290,55900,31490,51970,14390,31670,29290,18930,42400,18500,28950,23200,138090,38400,32200,9000,7240,16360,13440,12940,3970,4590,214080,9110,26880,44600
0,0,0,0,0,0,0,0,0,0,0,0,0,0,0,0,0,0,0,0,0,0,0,0,0,0,0,0,0,0,0,0,0,0,0,0,0,0,0,0,0,0,0,0,0,0,0,0,0,0,0
21910,9560,42630,8820,6540,4870,54480,121590,82710,76660,39350,63450,74920,35670,19480,16890,31650,36930,10880,4180,4970,6030,3470,122680,56550,37140,53810,30290,51060,13390,29580,27410,19150,40320,17800,27380,22490,133450,37600,30180,8780,7140,15730,13540,12470,3520,3890,208830,8860,26770,41650
0,0,0,0,0,0,0,0,0,0,0,0,0,0,0,0,0,0,0,0,0,0,0,0,0,0,0,0,0,0,0,0,0,0,0,0,0,0,0,0,0,0,0,0,0,0,0,0,0,0,0
22100,9790,41630,8930,6720,4260,53380,121450,81870,75930,38630,63700,74300,34550,18040,16270,31710,36540,11250,3950,4820,5720,3340,121780,55530,35550,53840,31060,49380,13510,31510,28660,17890,40510,17820,27910,22250,134830,37750,29600,9030,6410,16210,12920,12260,3680,3970,207500,9550,26210,42770
0,0,0,0,0,0,0,0,0,0,0,0,0,0,0,0,0,0,0,0,0,0,0,0,0,0,0,0,0,0,0,0,0,0,0,0,0,0,0,0,0,0,0,0,0,0,0,0,0,0,0
22120,9490,40270,8630,5910,4560,50830,117880,79530,71160,38700,61270,72200,33050,17860,15510,28620,35580,10350,3540,4490,5550,3550,120570,54260,35110,52460,29520,47250,13610,30060,26780,16620,39530,18700,25530,21660,127170,37170,29260,8810,6930,14660,12850,11640,3330,3720,199140,8740,25520,40960
0,0,0,0,0,0,0,0,0,0,0,0,0,0,0,0,0,0,0,0,0,0,0,0,0,0,0,0,0,0,0,0,0,0,0,0,0,0,0,0,0,0,0,0,0,0,0,0,0,0,0
22610,9750,40650,9490,6670,4400,53220,118520,81590,73380,38270,62190,72350,33540,18150,15830,30920,36170,9900,3380,4500,6640,3250,126710,55740,36180,53650,30840,48020,13050,30870,27860,17740,42180,17670,26580,21860,128080,39910,29120,9160,6230,17050,13080,11020,2950,3310,198740,8450,25720,41780
0,0,0,0,0,0,0,0,0,0,0,0,0,0,0,0,0,0,0,0,0,0,0,0,0,0,0,0,0,0,0,0,0,0,0,0,0,0,0,0,0,0,0,0,0,0,0,0,0,0,0
22020,9320,39660,8720,6320,4230,54180,115400,82590,71700,38480,61800,71020,32270,17540,16150,28860,36340,10120,3130,3860,6170,3510,128910,53670,34130,54240,30900,48370,12980,29360,26530,17370,39870,18230,25390,21760,124490,39030,27730,8280,6000,16200,12710,11180,3370,2920,192010,8260,24580,39670
0,0,0,0,0,0,0,0,0,0,0,0,0,0,0,0,0,0,0,0,0,0,0,0,0,0,0,0,0,0,0,0,0,0,0,0,0,0,0,0,0,0,0,0,0,0,0,0,0,0,0
17180,6490,31330,6480,4900,3250,41840,92480,58050,53310,27860,44100,51830,24060,13040,11480,21560,27420,7500,2760,3390,4330,2460,102690,41020,26110,41490,24650,35520,9790,22860,19910,13610,30410,14770,20050,17040,96220,29630,21390,6600,5030,11940,9710,8430,2330,2500,154700,6640,18810,31190
0,0,0,0,0,0,0,0,0,0,0,0,0,0,0,0,0,0,0,0,0,0,0,0,0,0,0,0,0,0,0,0,0,0,0,0,0,0,0,0,0,0,0,0,0,0,0,0,0,0,0
17380,7110,30560,6090,4750,3500,39620,89460,59320,54900,29160,46060,52350,24640,13760,11520,22320,28440,7780,3000,3450,4360,2550,104390,40730,26850,40350,25140,35730,10130,23940,20980,13680,31100,14460,20360,18180,101370,32010,20750,6910,4660,12760,10150,9480,2590,2450,154020,7000,19160,30890
0,0,0,0,0,0,0,0,0,0,0,0,0,0,0,0,0,0,0,0,0,0,0,0,0,0,0,0,0,0,0,0,0,0,0,0,0,0,0,0,0,0,0,0,0,0,0,0,0,0,0
16990,7230,30290,6400,4650,3280,39260,87970,61530,53990,29170,46210,51200,24640,13460,12040,22690,29190,7250,2550,3790,4410,2780,105290,40980,26750,40180,22820,37130,9560,23340,20380,13360,31290,13960,20420,17840,97610,30920,19610,7080,5010,12340,9650,9300,2420,2090,145240,6780,18090,30320
0,0,0,0,0,0,0,0,0,0,0,0,0,0,0,0,0,0,0,0,0,0,0,0,0,0,0,0,0,0,0,0,0,0,0,0,0,0,0,0,0,0,0,0,0,0,0,0,0,0,0
17300,7570,30540,6010,5270,3150,41160,91670,64700,56450,28960,47150,55330,25490,13990,12100,22320,28790,7190,2670,3630,4810,2640,111210,40820,25110,40340,24260,35220,9690,24150,21100,12760,31380,14560,19540,17490,91700,30630,20640,6700,5030,12420,9730,8800,2110,2040,145670,6220,18630,28640
0,0,0,0,0,0,0,0,0,0,0,0,0,0,0,0,0,0,0,0,0,0,0,0,0,0,0,0,0,0,0,0,0,0,0,0,0,0,0,0,0,0,0,0,0,0,0,0,0,0,0
14610,6460,25770,5580,4380,2750,34560,78860,56220,49670,25950,40850,50050,22360,12610,10960,19830,26630,6580,2290,2820,4170,2290,97250,34410,23180,34550,21140,31220,9090,21570,18960,12280,28500,13280,18600,16200,83820,28940,17800,5570,4480,10380,9010,7560,1950,1810,128540,5410,16390,24460
0,0,0,0,0,0,0,0,0,0,0,0,0,0,0,0,0,0,0,0,0,0,0,0,0,0,0,0,0,0,0,0,0,0,0,0,0,0,0,0,0,0,0,0,0,0,0,0,0,0,0
12620,5430,24580,4590,4080,2520,31890,73150,52190,45670,23790,37660,45210,21500,11810,9450,19380,23570,6000,2370,2720,4120,1670,90970,32570,20960,31650,20230,29300,8350,19960,17580,11280,25580,12780,17230,15060,76740,26540,16290,5720,3870,10050,8840,7020,1880,1890,121420,4860,15370,23720
0,0,0,0,0,0,0,0,0,0,0,0,0,0,0,0,0,0,0,0,0,0,0,0,0,0,0,0,0,0,0,0,0,0,0,0,0,0,0,0,0,0,0,0,0,0,0,0,0,0,0
12510,5480,23080,4450,3360,2100,31900,72390,48280,43220,22940,35290,43830,19620,11680,9360,17330,22260,6080,2260,2650,3890,1990,88170,31310,18740,30140,18370,27010,8060,19800,16670,11030,24650,11920,16200,14730,73580,24670,15070,5380,3800,10100,7750,6490,1740,1730,115490,4610,13570,20910
0,0,0,0,0,0,0,0,0,0,0,0,0,0,0,0,0,0,0,0,0,0,0,0,0,0,0,0,0,0,0,0,0,0,0,0,0,0,0,0,0,0,0,0,0,0,0,0,0,0,0
12600,5340,22290,4020,3350,2280,29880,68170,49170,42040,22210,34570,43340,18800,10770,8750,16530,21840,6140,2300,2770,3460,1670,85600,29440,18060,28880,17310,25990,8110,17880,15420,10880,23030,11530,15360,14210,68840,23790,14370,5260,3670,8650,7130,6920,1760,1380,110310,4590,13290,21570
0,0,0,0,0,0,0,0,0,0,0,0,0,0,0,0,0,0,0,0,0,0,0,0,0,0,0,0,0,0,0,0,0,0,0,0,0,0,0,0,0,0,0,0,0,0,0,0,0,0,0
12110,5120,21200,4160,3570,2050,29210,65460,47440,40770,21240,32880,41030,18630,10560,9090,15950,20680,5450,2230,2890,3350,1590,82730,27240,17910,26700,16760,25110,7880,18070,15540,10510,22210,10520,14310,12870,67820,22550,13540,4670,3600,7940,7260,6350,1680,1440,105210,4250,13530,20350
0,0,0,0,0,0,0,0,0,0,0,0,0,0,0,0,0,0,0,0,0,0,0,0,0,0,0,0,0,0,0,0,0,0,0,0,0,0,0,0,0,0,0,0,0,0,0,0,0,0,0
11230,4650,20800,3740,3220,1960,28490,60980,45460,36630,19790,30760,38880,17390,10750,8540,15910,19680,5640,2260,2670,2980,1450,78860,25040,16320,24580,16380,23260,7460,16370,13820,9400,21350,10130,13800,11890,62890,20770,12360,4250,2850,7940,6420,5610,1640,1270,100850,4210,12010,18860
0,0,0,0,0,0,0,0,0,0,0,0,0,0,0,0,0,0,0,0,0,0,0,0,0,0,0,0,0,0,0,0,0,0,0,0,0,0,0,0,0,0,0,0,0,0,0,0,0,0,0
10700,4620,19520,3970,3340,1850,27400,61590,44950,36340,19070,30300,37390,17140,10780,8240,14560,19980,5800,2490,2450,3080,1460,75240,25230,15030,24240,14900,22710,7250,16150,13820,10650,21020,9890,13530,11920,61840,20800,12490,4130,2920,7300,6090,5950,1670,1060,95410,3850,11140,16310
0,0,0,0,0,0,0,0,0,0,0,0,0,0,0,0,0,0,0,0,0,0,0,0,0,0,0,0,0,0,0,0,0,0,0,0,0,0,0,0,0,0,0,0,0,0,0,0,0,0,0
10530,4440,18680,3530,3060,2070,26040,59060,43490,35980,18670,30190,36600,15770,10040,8580,14730,19520,5830,2160,2570,3140,1620,74030,24030,16120,22280,14940,21220,7250,15760,12940,9290,18890,9570,12770,11950,60280,19080,11260,4240,2790,6740,6120,5560,1620,1110,93790,3960,10190,17030
0,0,0,0,0,0,0,0,0,0,0,0,0,0,0,0,0,0,0,0,0,0,0,0,0,0,0,0,0,0,0,0,0,0,0,0,0,0,0,0,0,0,0,0,0,0,0,0,0,0,0
9740,4290,18330,3870,3020,1750,24490,54250,39310,32300,16910,26610,32880,15940,9520,7830,12950,17780,5090,2120,2510,2400,1500,66100,21300,14830,19310,13010,19900,6030,14130,12840,7890,17780,9430,11950,11000,54610,18210,11390,3660,2610,6210,5350,4970,1510,1020,86160,3700,9980,15330
0,0,0,0,0,0,0,0,0,0,0,0,0,0,0,0,0,0,0,0,0,0,0,0,0,0,0,0,0,0,0,0,0,0,0,0,0,0,0,0,0,0,0,0,0,0,0,0,0,0,0
9860,4550,19000,3380,3000,1920,25450,53910,40870,32740,17720,27530,33660,15760,9030,7880,13430,17480,5090,1940,2140,2560,1440,66970,21140,14700,18690,12250,19890,6030,14440,11750,7810,17420,8880,12530,10590,51760,17780,10080,3750,2840,5930,4800,4790,1330,1010,85990,4070,10200,15420
0,0,0,0,0,0,0,0,0,0,0,0,0,0,0,0,0,0,0,0,0,0,0,0,0,0,0,0,0,0,0,0,0,0,0,0,0,0,0,0,0,0,0,0,0,0,0,0,0,0,0
9910,4020,18050,3390,2790,1840,25260,53460,41440,32680,16390,27430,33640,14900,9110,7490,13440,16880,4970,2050,2440,2660,1370,64150,20170,13900,17300,12280,18860,5710,13830,11740,7750,16830,8500,11740,9490,51600,16000,9890,3310,2720,5720,5390,4400,1420,970,82980,4200,10230,15000
0,0,0,0,0,0,0,0,0,0,0,0,0,0,0,0,0,0,0,0,0,0,0,0,0,0,0,0,0,0,0,0,0,0,0,0,0,0,0,0,0,0,0,0,0,0,0,0,0,0,0
10580,4070,19270,3280,3400,1880,24780,53550,42140,32860,16800,27630,33080,16310,9360,7160,13790,16340,5030,2040,2400,2480,1450,63720,19360,13410,16750,11230,18210,6140,12400,11230,7440,16270,7580,11560,9850,50140,15760,9940,3190,2760,5330,5120,4580,1330,930,82630,3950,9490,14800
0,0,0,0,0,0,0,0,0,0,0,0,0,0,0,0,0,0,0,0,0,0,0,0,0,0,0,0,0,0,0,0,0,0,0,0,0,0,0,0,0,0,0,0,0,0,0,0,0,0,0
9650,4020,18060,3360,3060,1760,24640,53200,41100,32000,15850,25650,32980,14950,9000,7660,12890,15890,4670,1830,2220,2270,1370,61570,18420,13280,15080,10650,18030,5960,12520,10460,7480,15770,6860,10780,9840,47170,15390,9770,3290,2580,5450,4860,4300,1140,800,80610,3950,9250,14020
0,0,0,0,0,0,0,0,0,0,0,0,0,0,0,0,0,0,0,0,0,0,0,0,0,0,0,0,0,0,0,0,0,0,0,0,0,0,0,0,0,0,0,0,0,0,0,0,0,0,0
9040,4180,17390,3090,3360,1440,23120,50770,38550,28710,16520,25090,31150,14760,9160,6950,12480,14670,4700,2030,2170,2230,1300,59420,16240,12170,13870,9660,17080,5690,11900,10400,6680,14460,6950,10850,8530,43590,14280,9020,3050,2470,4140,4190,4110,990,710,74160,3710,8920,13930
0,0,0,0,0,0,0,0,0,0,0,0,0,0,0,0,0,0,0,0,0,0,0,0,0,0,0,0,0,0,0,0,0,0,0,0,0,0,0,0,0,0,0,0,0,0,0,0,0,0,0
9660,3860,17210,3140,3250,1450,21420,49690,39980,30050,15250,24640,30540,13740,8010,6520,12330,14880,4490,1950,1780,1900,1230,55530,15100,11770,13380,10370,15830,5470,11270,9620,6770,14750,7130,9850,8020,41560,12640,8540,2980,2220,4540,4090,3740,1010,650,70180,3660,8960,12860
0,0,0,0,0,0,0,0,0,0,0,0,0,0,0,0,0,0,0,0,0,0,0,0,0,0,0,0,0,0,0,0,0,0,0,0,0,0,0,0,0,0,0,0,0,0,0,0,0,0,0
9220,3630,16810,3240,3080,1290,21160,45920,36020,27230,14030,22670,28220,13970,8390,6660,11010,13430,3990,1700,2210,1860,1050,50860,14870,12430,11680,8920,15600,4330,10850,9290,6830,13000,6440,8800,8060,39180,12160,8100,2530,2230,3970,3770,3770,880,570,67990,3400,8170,12650
0,0,0,0,0,0,0,0,0,0,0,0,0,0,0,0,0,0,0,0,0,0,0,0,0,0,0,0,0,0,0,0,0,0,0,0,0,0,0,0,0,0,0,0,0,0,0,0,0,0,0
8290,2970,15520,2810,2840,1300,19630,42340,35140,25160,13120,21200,26120,12070,8090,6070,10930,13140,4430,1700,1860,1630,1150,47430,14070,11040,9540,8110,14440,4770,9640,8320,5500,11180,5830,8100,6780,36650,12010,7490,2910,1940,3580,3490,3520,1030,610,65190,3090,8010,11870
0,0,0,0,0,0,0,0,0,0,0,0,0,0,0,0,0,0,0,0,0,0,0,0,0,0,0,0,0,0,0,0,0,0,0,0,0,0,0,0,0,0,0,0,0,0,0,0,0,0,0
8310,2820,14790,2650,2740,1280,19500,40660,31890,24750,12270,21330,24600,11520,7560,5910,9560,12280,3910,1480,1840,1670,950,44920,12840,10290,8110,7980,13650,3860,8930,7780,4750,10940,5650,6890,6940,33620,10280,7180,2320,1820,3520,3360,3190,930,500,60600,2850,7680,11310
0,0,0,0,0,0,0,0,0,0,0,0,0,0,0,0,0,0,0,0,0,0,0,0,0,0,0,0,0,0,0,0,0,0,0,0,0,0,0,0,0,0,0,0,0,0,0,0,0,0,0
7860,2740,14150,2300,2500,1190,17610,37100,29800,22350,11550,18380,22730,11570,6220,5180,9180,10670,3500,1460,1660,1580,800,41140,11270,9260,7970,7150,11550,3660,7310,6760,4460,10130,5190,6390,6180,29150,10210,6620,2230,1740,3050,3260,2980,710,441.8763302,55100,2670,6700,10720
0,0,0,0,0,0,0,0,0,0,0,0,0,0,0,0,0,0,0,0,0,0,0,0,0,0,0,0,0,0,0,0,0,0,0,0,0,0,0,0,0,0,0,0,0,0,0,0,0,0,0
7210,2610,12260,2080,2240,1100,15230,32340,26200,20350,9490,15970,19460,9760,5980,4860,8420,9680,3220,1080,1460,1440,880,35550,10440,8310,6050,6200,10690,3110,6450,6360,3900,8810,4420,5520,5050,25770,8500,5890,2050,1790,2480,2740,2430,680,392.6874248,49850,2530,6120,9510
0,0,0,0,0,0,0,0,0,0,0,0,0,0,0,0,0,0,0,0,0,0,0,0,0,0,0,0,0,0,0,0,0,0,0,0,0,0,0,0,0,0,0,0,0,0,0,0,0,0,0
6830,2150,11150,1880,2360,840,13830,29830,24510,17640,9400,15310,18800,9440,5380,4530,8000,8740,3000,1280,1500,1070,850,31270,9310,7670,5860,5720,10310,2890,5940,5460,3740,8370,3910,5140,4750,23750,7470,5680,2050,1520,2030.506537,2660,2118.028371,690,353.089575,43580,1920,5990,8630
0,0,0,0,0,0,0,0,0,0,0,0,0,0,0,0,0,0,0,0,0,0,0,0,0,0,0,0,0,0,0,0,0,0,0,0,0,0,0,0,0,0,0,0,0,0,0,0,0,0,0
5860,1930,9380,1580,1680,860,12540,25610,20620,15790,7400,13060,14760,7820,4900,3740,6900,7910,2700,1010,1290,840,660,26440,7828.215749,6920,4270,4616.693914,8030,2440,5020,4760,2730,6940,3310,4190.311355,4040,19117.90173,6770,4499,1330,1370,1766.335636,1850,1842.470793,520,307.1522735,39460,1950,4950,7170
0,0,0,0,0,0,0,0,0,0,0,0,0,0,0,0,0,0,0,0,0,0,0,0,0,0,0,0,0,0,0,0,0,0,0,0,0,0,0,0,0,0,0,0,0,0,0,0,0,0,0
5067,1698.057614,8563.922632,1416.90747,1546.32579,747.5023662,10326.68941,22748.61679,17156.85282,13655.86412,6488.766809,10755.10867,12633.90566,7133.627059,4601.044415,3509.914096,6544.550568,6461.990605,2378.61947,1133.525976,1242.862143,814.4428766,647.0916006,21581.62056,6569.49355,5417.718642,3074.114701,3874.361906,6729.752646,1892.185094,4124,3806.683692,2579.441001,5576.144517,2827.12089,3516.538673,3300.167163,16043.87719,5029.463682,3776,1325.422106,1088.898969,1482.321252,1640.042505,1546.21441,446.2700694,257.7643418,31232.21081,1568.639294,4237.334309,6406.206846
0,0,0,0,0,0,0,0,0,0,0,0,0,0,0,0,0,0,0,0,0,0,0,0,0,0,0,0,0,0,0,0,0,0,0,0,0,0,0,0,0,0,0,0,0,0,0,0,0,0,0
3965,1328.616882,6700.698545,1108.635637,1209.896845,584.8707693,8079.946031,17799.2761,13424.09357,10684.80331,5077.027454,8415.155546,9885.188943,5581.58761,3600.010526,2746.273791,5120.674526,5056.076859,1861.111164,886.9085099,972.4567717,637.2472561,506.3060391,16886.17935,5140.190748,4239.003665,2267.419939,3031.429907,5265.582807,1480.508694,3226,2978.476216,2018.240625,4362.961351,2212.033626,2751.457081,2582.160799,12553.26434,3935.220042,2954,1037.054439,851.990852,1159.817561,1283.223927,1209.809697,349.1765787,201.6834136,24437.12286,1227.355674,3315.431615,5012.429787
0,0,0,0,0,0,0,0,0,0,0,0,0,0,0,0,0,0,0,0,0,0,0,0,0,0,0,0,0,0,0,0,0,0,0,0,0,0,0,0,0,0,0,0,0,0,0,0,0,0,0
3391,1136.20963,5730.31874,948.0855654,1034.682357,500.1711251,6909.826767,15221.62573,11480.04711,9137.454584,4341.783975,7196.492009,8453.638538,4773.274886,3078.665253,2348.564716,4379.110179,4323.867398,1591.589311,758.4684524,831.627811,544.9625691,432.983959,14440.76156,4395.800105,3625.120871,1814.535999,2592.425176,4503.033174,1266.104818,2759,2547.140118,1725.963644,3731.127288,1891.691986,2352.997373,2208.218191,10735.32937,3365.330495,2526,886.8705919,728.6074897,991.8554401,1097.390379,1034.60783,298.6096269,172.4760839,20898.19474,1049.612839,2835.298408,4286.541194
0,0,0,0,0,0,0,0,0,0,0,0,0,0,0,0,0,0,0,0,0,0,0,0,0,0,0,0,0,0,0,0,0,0,0,0,0,0,0,0,0,0,0,0,0,0,0,0,0,0,0
2623,878.9658928,4432.944936,733.4340892,800.4249194,386.9297951,5345.406244,11775.37093,8880.905058,7068.6876,3358.781624,5567.168992,6539.691044,3692.580761,2381.639515,1816.837516,3387.656982,3344.921453,1231.245258,586.7472714,643.3429727,421.5802245,334.954151,11171.29844,3400.568223,2804.374754,1308.473905,2005.486706,3483.52317,979.452138,2134,1970.454419,1335.196547,2886.38077,1463.403135,1820.266597,1708.26617,8304.795269,2603.402263,1954,686.0785024,563.6469851,767.2942378,848.9355206,800.3672653,231.0028627,133.4266063,16166.73535,811.9750626,2193.372182,3316.046095
0,0,0,0,0,0,0,0,0,0,0,0,0,0,0,0,0,0,0,0,0,0,0,0,0,0,0,0,0,0,0,0,0,0,0,0,0,0,0,0,0,0,0,0,0,0,0,0,0,0,0
2096,702.3251929,3542.08159,586.0400755,639.5681454,309.1707485,4271.170818,9408.94263,7096.160852,5648.134271,2683.786677,4448.367188,5225.447099,2950.504128,1903.015174,1451.718171,2706.859121,2672.711904,983.8090087,468.8320604,514.0540505,336.8576812,267.6403495,8926.267103,2717.175664,2240.795753,952.7933688,1602.455624,2783.459634,782.6172977,1706,1574.463573,1066.869807,2306.321494,1169.311458,1454.45813,1364.965782,6635.82852,2080.211544,1562,548.2012675,450.3741053,613.0955456,678.3298512,639.5220777,184.5795514,106.6126317,12917.7999,648.797123,1752.58284,2649.63946
0,0,0,0,0,0,0,0,0,0,0,0,0,0,0,0,0,0,0,0,0,0,0,0,0,0,0,0,0,0,0,0,0,0,0,0,0,0,0,0,0,0,0,0,0,0,0,0,0,0,0
1640,549.5832661,2771.748456,458.5878764,500.4746431,241.9321868,3342.275106,7362.68252,5552.885326,4419.776069,2100.115818,3480.934747,4089.015049,2308.827466,1489.146774,1135.997999,2118.170459,2091.449591,769.8498839,366.8703011,402.2573971,263.5977557,209.4338333,6984.979434,2126.243357,1753.466715,689.9680628,1253.953018,2178.111867,612.4134161,1335,1232.048689,834.8465908,1804.741895,915.009196,1138.142071,1068.11255,5192.666229,1627.806415,1222,428.9782655,352.4265885,479.7593135,530.8064397,500.4385942,144.4371264,83.42647955,10108.43229,507.6964994,1371.430516,2073.39495
0,0,0,0,0,0,0,0,0,0,0,0,0,0,0,0,0,0,0,0,0,0,0,0,0,0,0,0,0,0,0,0,0,0,0,0,0,0,0,0,0,0,0,0,0,0,0,0,0,0,0
1241,415.6892837,2096.472366,346.8629371,378.5449062,182.9906834,2528.002634,5568.925423,4200.045864,3342.993976,1588.46838,2632.880877,3092.815669,1746.331984,1126.348624,859.2368505,1602.124401,1581.91349,582.2927417,277.4903497,304.2561511,199.3779087,158.4098453,5283.241461,1608.230513,1326.272774,478.8207907,948.4547003,1647.462391,463.2122373,1009,931.886883,631.4544178,1365.055874,692.0871517,860.8585656,807.890211,3927.586298,1231.226866,924,324.4670624,266.5655328,362.876415,401.4870217,378.5176398,109.2481692,63.10143643,7645.733119,384.0073146,1037.311366,1568.257468
0,0,0,0,0,0,0,0,0,0,0,0,0,0,0,0,0,0,0,0,0,0,0,0,0,0,0,0,0,0,0,0,0,0,0,0,0,0,0,0,0,0,0,0,0,0,0,0,0,0,0
894,299.4095821,1510.031506,249.8358537,272.6555065,131.8031669,1820.850915,4011.144139,3025.177762,2407.86681,1144.130177,1896.391834,2227.670242,1257.834999,811.2780005,618.884721,1153.966234,1139.40887,419.4094804,199.8686829,219.1473551,143.6064356,114.0982639,3805.373822,1158.3643,955.2778783,321.1995261,683.1458896,1186.621944,333.6390613,727,671.2125455,454.8192864,983.2122809,498.4913805,620.0527979,581.9011458,2828.932615,886.81892,666,233.7047198,191.9998372,261.3699223,289.1800826,272.6358673,78.68845785,45.45023279,5507.011723,276.5899294,747.1469073,1129.572812
0,0,0,0,0,0,0,0,0,0,0,0,0,0,0,0,0,0,0,0,0,0,0,0,0,0,0,0,0,0,0,0,0,0,0,0,0,0,0,0,0,0,0,0,0,0,0,0,0,0,0
620,207.6316551,1047.162013,173.2537464,189.078498,91.40158273,1262.706044,2781.609361,2097.870954,1669.784138,793.4203062,1315.091429,1544.823168,872.2712238,562.5972047,429.178178,800.2413198,790.1462196,290.8480214,138.6029971,151.9721838,99.58679909,79.12375818,2638.913756,803.2912474,662.4568443,206.5816906,473.7413903,822.8870851,231.3687825,504,465.4659705,315.4036705,681.8285231,345.6889711,429.9882046,403.5311667,1961.780771,614.9825894,462,162.067284,133.1461862,181.2522805,200.5378009,189.0648788,54.56810909,31.51838692,3818.949115,191.8069035,518.1241958,783.325206
0,0,0,0,0,0,0,0,0,0,0,0,0,0,0,0,0,0,0,0,0,0,0,0,0,0,0,0,0,0,0,0,0,0,0,0,0,0,0,0,0,0,0,0,0,0,0,0,0,0,0
430,144.2445853,727.4779478,120.3617762,131.3554502,63.4979449,877.2193701,1932.422532,1457.419995,1160.022158,551.200071,913.6122221,1073.210042,605.9788951,390.8440668,298.1560219,555.9387236,548.9255177,202.0561471,96.28942092,105.57718,69.18432803,54.96837021,1833.28992,558.0575505,460.2179409,132.771457,329.1147024,571.6710502,160.7350963,350,323.3656537,219.1152964,473.6757143,240.154914,298.7187586,280.3386881,1362.876261,427.2369188,321,112.5903859,92.49849884,125.9184685,139.3163866,131.3459887,37.90922084,21.89625974,2653.07682,133.2509112,359.9480518,544.1868651
0,0,0,0,0,0,0,0,0,0,0,0,0,0,0,0,0,0,0,0,0,0,0,0,0,0,0,0,0,0,0,0,0,0,0,0,0,0,0,0,0,0,0,0,0,0,0,0,0,0,0
744,249.2664157,1257.141266,207.9949724,226.9929384,109.7296311,1515.906665,3339.383848,2518.540697,2004.612962,952.5187082,1578.796483,1854.594541,1047.180987,675.4104458,515.2379395,960.7074866,948.5880945,349.1695127,166.3959779,182.4459836,119.5561652,94.98982991,3168.074603,964.3689925,795.2941621,203.320561,568.7370661,987.894231,277.7633647,605,558.8022408,378.6491151,818.5502929,415.0072914,516.2103944,484.4481325,2355.161409,738.3002642,554,194.5653757,159.8449552,217.5973903,240.7500861,226.9765882,65.51022752,37.83852387,4584.733273,230.2684497,622.0196103,940.3993161
0,0,0,0,0,0,0,0,0,0,0,0,0,0,0,0,0,0,0,0,0,0,0,0,0,0,0,0,0,0,0,0,0,0,0,0,0,0,0,0,0,0,0,0,0,0,0,0,0,0,0
19630,6510,36670,6330,5550,3270,52280,115080,71750,80210,42460,57590,69430,34760,19450,20370,34310,39120,13190,4660,5620,5280,3470,103620,68120,36140,59770,29170,49250,9980,30110,28750,20070,39860,19440,30200,26580,188520,42070,33640,11230,5630,17950,13840,26660,4030,5270,233830,7960,22560,42790
0,0,0,0,0,0,0,0,0,0,0,0,0,0,0,0,0,0,0,0,0,0,0,0,0,0,0,0,0,0,0,0,0,0,0,0,0,0,0,0,0,0,0,0,0,0,0,0,0,0,0
20160,6780,36530,6910,5490,3290,55300,115980,74310,82500,43820,58150,71930,35970,20060,21140,36600,39890,13480,4910,5900,5450,3610,106830,68880,36230,60900,30770,50720,10550,30830,27340,21240,40150,19340,32280,27790,194210,45140,34860,12970,6510,18090,14260,26300,4180,6190,254240,9430,24350,44500
0,0,0,0,0,0,0,0,0,0,0,0,0,0,0,0,0,0,0,0,0,0,0,0,0,0,0,0,0,0,0,0,0,0,0,0,0,0,0,0,0,0,0,0,0,0,0,0,0,0,0
20820,6960,38120,6850,6060,3320,56470,119490,74190,87520,44660,60010,73760,37390,20920,21330,38380,39970,13550,4580,6720,5680,3380,113190,71730,37910,63340,31670,53960,10920,31020,29860,21870,42750,20710,33250,27100,199530,47810,36730,12910,6230,20550,15330,28320,4200,5690,266850,9110,24710,46510
0,0,0,0,0,0,0,0,0,0,0,0,0,0,0,0,0,0,0,0,0,0,0,0,0,0,0,0,0,0,0,0,0,0,0,0,0,0,0,0,0,0,0,0,0,0,0,0,0,0,0
22660,7350,39050,7630,5570,3290,56510,120280,76280,86960,45350,63500,76140,37810,21030,22080,37660,40510,13620,4640,6350,6250,3130,111570,72530,39730,63030,31900,53620,10730,32280,28940,22660,42230,21330,33720,26890,203540,49260,35290,12620,6400,19710,15440,27490,4250,5160,271950,9180,24370,46470
0,0,0,0,0,0,0,0,0,0,0,0,0,0,0,0,0,0,0,0,0,0,0,0,0,0,0,0,0,0,0,0,0,0,0,0,0,0,0,0,0,0,0,0,0,0,0,0,0,0,0
21530,7890,37530,7460,5970,3360,57040,115730,75800,87080,44560,63410,74590,37760,21260,20810,35230,40500,13530,4430,6180,5560,2750,109770,72490,37010,63240,30340,50800,10710,30530,29400,21190,42060,20370,31890,26470,199650,46300,35510,13000,6240,20130,14900,26260,4120,5360,263290,9080,24410,44140
0,0,0,0,0,0,0,0,0,0,0,0,0,0,0,0,0,0,0,0,0,0,0,0,0,0,0,0,0,0,0,0,0,0,0,0,0,0,0,0,0,0,0,0,0,0,0,0,0,0,0
22480,7540,39170,7690,6240,3750,55620,119310,74970,87520,45720,63690,75250,37240,20540,20910,36660,40550,13230,4440,6110,5690,3020,110960,71710,36560,61430,29860,53250,10470,30890,28370,21510,41310,20430,31230,28070,200070,45720,35830,12720,6130,17910,14420,25820,4180,5270,259100,8940,25200,45400
0,0,0,0,0,0,0,0,0,0,0,0,0,0,0,0,0,0,0,0,0,0,0,0,0,0,0,0,0,0,0,0,0,0,0,0,0,0,0,0,0,0,0,0,0,0,0,0,0,0,0
21810,7940,39380,7910,6100,3490,58310,118060,76010,87050,45660,63450,76710,37520,20920,20790,37830,39850,13510,4070,5760,5810,2590,109550,69910,38570,61900,29840,52300,10590,31450,28850,20920,43270,19720,31220,25710,198160,46360,34990,12810,5910,18990,14710,25770,3920,5250,254950,8840,24170,43480
0,0,0,0,0,0,0,0,0,0,0,0,0,0,0,0,0,0,0,0,0,0,0,0,0,0,0,0,0,0,0,0,0,0,0,0,0,0,0,0,0,0,0,0,0,0,0,0,0,0,0
23310,7370,38610,7680,5690,3880,56340,120200,76660,85900,44390,64370,75000,38320,20650,21070,36020,40160,12900,3870,5920,5770,2650,109640,69620,37000,61300,28980,51460,10780,31660,28590,20610,40570,20230,31100,26360,195460,45480,35060,12090,6120,18810,14370,25900,3940,4950,253440,8760,24730,42910
0,0,0,0,0,0,0,0,0,0,0,0,0,0,0,0,0,0,0,0,0,0,0,0,0,0,0,0,0,0,0,0,0,0,0,0,0,0,0,0,0,0,0,0,0,0,0,0,0,0,0
24250,7590,39070,8200,6050,3650,58580,118440,78710,88070,45650,65210,76180,37780,20590,20060,36070,39970,13410,4030,5770,6000,2520,110990,69320,37420,62840,30190,52560,10710,31560,28970,20840,43000,19980,30790,27410,196640,44240,34760,12250,6630,19180,14630,24940,3850,5220,252830,7770,23820,44190
0,0,0,0,0,0,0,0,0,0,0,0,0,0,0,0,0,0,0,0,0,0,0,0,0,0,0,0,0,0,0,0,0,0,0,0,0,0,0,0,0,0,0,0,0,0,0,0,0,0,0
23340,8090,41620,8500,5870,3620,58220,122080,79010,86900,46680,68520,80640,38970,20530,21160,36560,40560,13860,3710,5850,5820,2290,112690,71470,37980,64180,30840,53400,11620,34650,30050,21560,43220,20560,31890,26530,200310,47230,35150,12180,6220,19020,15060,24350,3940,5460,260760,8490,24760,45170
0,0,0,0,0,0,0,0,0,0,0,0,0,0,0,0,0,0,0,0,0,0,0,0,0,0,0,0,0,0,0,0,0,0,0,0,0,0,0,0,0,0,0,0,0,0,0,0,0,0,0
24870,7980,40470,8560,6590,3830,60460,122190,79690,89370,48150,69310,79500,38980,21180,20930,36800,41640,12890,3920,5590,5840,2620,111680,73890,38270,63460,31600,53570,10750,32330,29220,22160,42700,19900,32150,27670,196990,47960,34710,12390,6300,19580,14840,25390,3950,5600,260040,8780,25040,44110
0,0,0,0,0,0,0,0,0,0,0,0,0,0,0,0,0,0,0,0,0,0,0,0,0,0,0,0,0,0,0,0,0,0,0,0,0,0,0,0,0,0,0,0,0,0,0,0,0,0,0
24590,8320,40950,8370,6110,3920,58700,122170,80280,88640,46270,67420,78240,38410,20040,20590,36030,41360,12730,4060,5640,5700,2560,116520,71510,38450,62340,29760,52630,10700,33260,29180,22180,43210,20060,31460,25870,193700,46170,35150,11740,6470,18540,15430,24300,3660,5350,261820,8930,25040,45650
0,0,0,0,0,0,0,0,0,0,0,0,0,0,0,0,0,0,0,0,0,0,0,0,0,0,0,0,0,0,0,0,0,0,0,0,0,0,0,0,0,0,0,0,0,0,0,0,0,0,0
24650,8210,40380,8550,6660,3600,59570,123290,79550,89190,44850,68730,79560,38550,20600,20400,35180,40180,12470,4100,5470,6080,2470,114430,70310,38710,62600,30620,51790,11260,32980,29540,21310,43160,20930,30960,26450,189790,45550,34170,12190,6270,18390,14500,23510,3770,5170,262090,8100,25100,45930
0,0,0,0,0,0,0,0,0,0,0,0,0,0,0,0,0,0,0,0,0,0,0,0,0,0,0,0,0,0,0,0,0,0,0,0,0,0,0,0,0,0,0,0,0,0,0,0,0,0,0
25200,8700,41910,8780,6420,3740,60000,123870,80580,88610,45980,70490,77950,37230,21620,20250,36200,39710,12570,4000,5930,5790,2580,116910,68800,37830,60390,30150,52980,10490,32060,28740,20710,40370,20100,30000,25190,190790,45680,33800,11740,6560,18330,13500,22970,3900,5110,267110,8570,25200,44620
0,0,0,0,0,0,0,0,0,0,0,0,0,0,0,0,0,0,0,0,0,0,0,0,0,0,0,0,0,0,0,0,0,0,0,0,0,0,0,0,0,0,0,0,0,0,0,0,0,0,0
24210,8390,43210,8950,6720,3910,60280,128050,81580,91580,45920,71350,79610,39200,20730,20130,35880,40180,12020,3850,5700,5830,2690,116930,68470,39150,58670,29670,52400,11130,31870,28980,20620,42460,19250,29940,25580,188890,45900,33080,12270,6850,18280,14130,22690,3470,5110,269960,8520,24860,44430
0,0,0,0,0,0,0,0,0,0,0,0,0,0,0,0,0,0,0,0,0,0,0,0,0,0,0,0,0,0,0,0,0,0,0,0,0,0,0,0,0,0,0,0,0,0,0,0,0,0,0
25600,8610,44430,9670,6400,4470,63330,131930,86400,93000,45920,74220,82130,40120,20560,20150,35960,41610,13480,4190,5480,6340,2590,120640,71140,41040,61770,30810,55750,11890,33240,28830,21430,42890,20110,31910,25150,187540,45790,33860,12150,6290,19070,14860,22090,3610,5340,278840,8360,25610,46520
0,0,0,0,0,0,0,0,0,0,0,0,0,0,0,0,0,0,0,0,0,0,0,0,0,0,0,0,0,0,0,0,0,0,0,0,0,0,0,0,0,0,0,0,0,0,0,0,0,0,0
25330,9650,43410,9050,7180,3910,62960,134610,87740,94080,47720,75560,82860,40360,21900,20000,36330,41990,12770,4270,5940,6090,2760,123410,70280,41760,61090,31000,54170,11560,33830,28940,22200,43550,20290,32130,26730,192730,46020,35290,12010,6620,18390,14890,22590,3980,5700,286830,8970,24390,46130
0,0,0,0,0,0,0,0,0,0,0,0,0,0,0,0,0,0,0,0,0,0,0,0,0,0,0,0,0,0,0,0,0,0,0,0,0,0,0,0,0,0,0,0,0,0,0,0,0,0,0
26450,9270,46210,9800,7650,4280,63640,139070,88670,97550,47980,76080,85820,41190,21030,21260,38840,44430,13680,4500,5350,5840,3170,125230,74010,42840,62940,32440,56690,11680,35340,29140,22950,45040,20100,34080,26160,195330,47070,34770,12220,7140,19130,16080,22120,3760,5920,289000,8850,26020,49390
0,0,0,0,0,0,0,0,0,0,0,0,0,0,0,0,0,0,0,0,0,0,0,0,0,0,0,0,0,0,0,0,0,0,0,0,0,0,0,0,0,0,0,0,0,0,0,0,0,0,0
25830,9280,49180,9750,8310,5060,61250,140660,95670,94940,48890,78090,85930,41230,22620,20950,38430,44900,13660,5250,5740,6670,4600,128780,72560,41180,66260,34810,56980,13380,34740,30600,23330,43970,20970,33560,28320,192690,48130,35530,12190,6940,18360,15300,23110,3980,5540,294000,8520,26750,49240
0,0,0,0,0,0,0,0,0,0,0,0,0,0,0,0,0,0,0,0,0,0,0,0,0,0,0,0,0,0,0,0,0,0,0,0,0,0,0,0,0,0,0,0,0,0,0,0,0,0,0
25190,9660,51990,9910,10140,5540,56470,149740,99130,94960,51630,77820,85040,40530,24980,21470,36350,46610,13360,6550,6130,7080,5990,131380,74240,42340,68600,38670,59580,13270,36050,31890,24420,46190,22410,34860,29350,192330,50740,36420,11300,6840,18110,14860,21780,4320,5650,294790,9020,27620,49020
0,0,0,0,0,0,0,0,0,0,0,0,0,0,0,0,0,0,0,0,0,0,0,0,0,0,0,0,0,0,0,0,0,0,0,0,0,0,0,0,0,0,0,0,0,0,0,0,0,0,0
25560,9300,52090,9460,9400,5000,57700,151660,95370,91690,48710,75920,81850,39650,24130,21700,36670,44190,13680,6490,6180,7400,5970,132150,72180,41920,69780,37410,61220,13530,36970,30860,22940,46080,22410,33690,28920,190790,48560,36580,10650,7580,18260,16080,19020,4310,5650,302210,9280,26940,49780
0,0,0,0,0,0,0,0,0,0,0,0,0,0,0,0,0,0,0,0,0,0,0,0,0,0,0,0,0,0,0,0,0,0,0,0,0,0,0,0,0,0,0,0,0,0,0,0,0,0,0
24190,8330,48230,9140,9050,5180,56570,146030,91610,88760,48250,69990,79470,38530,22740,20430,35280,41520,13880,6010,6120,6200,5290,126950,71660,39720,65440,35920,58470,12650,34570,30210,22370,42950,20280,33530,28700,184710,46370,35190,10640,7250,18150,14200,22160,4080,5530,292200,10760,26630,49060
0,0,0,0,0,0,0,0,0,0,0,0,0,0,0,0,0,0,0,0,0,0,0,0,0,0,0,0,0,0,0,0,0,0,0,0,0,0,0,0,0,0,0,0,0,0,0,0,0,0,0
23920,8040,47160,8600,8180,4960,55430,140600,87650,88300,46670,66770,75460,37830,21210,20410,35680,41290,13430,6640,6260,6100,5350,125610,68300,40300,63470,31980,57940,11490,33930,29640,20860,43060,20060,32990,26140,184470,45400,35710,11150,7180,17380,13710,23780,4010,5720,287060,10370,24590,47210
0,0,0,0,0,0,0,0,0,0,0,0,0,0,0,0,0,0,0,0,0,0,0,0,0,0,0,0,0,0,0,0,0,0,0,0,0,0,0,0,0,0,0,0,0,0,0,0,0,0,0
22840,7380,46230,7850,6930,3970,55520,138170,83430,87350,42180,61860,72960,38830,20310,20970,34840,40040,13190,6350,5660,5890,6010,123030,67300,38050,62850,31380,58130,11330,31230,29390,19110,40350,19090,34260,27520,187110,43700,36130,10990,6770,18230,13580,23730,4500,5800,283640,10820,24940,46680
0,0,0,0,0,0,0,0,0,0,0,0,0,0,0,0,0,0,0,0,0,0,0,0,0,0,0,0,0,0,0,0,0,0,0,0,0,0,0,0,0,0,0,0,0,0,0,0,0,0,0
22680,7630,45290,7720,6580,3540,56870,140560,80760,89270,42360,61680,72510,38280,20920,20710,35700,42210,12800,6130,6280,5880,6410,122260,66520,40840,63660,30320,58170,11260,31580,29090,19960,42770,18850,34170,28130,187440,45330,36490,11190,6360,19750,14480,24410,4610,6490,283540,10490,25890,47910
0,0,0,0,0,0,0,0,0,0,0,0,0,0,0,0,0,0,0,0,0,0,0,0,0,0,0,0,0,0,0,0,0,0,0,0,0,0,0,0,0,0,0,0,0,0,0,0,0,0,0
21440,7140,44950,7260,6960,3890,55680,140850,79450,92290,42740,61210,71260,39670,21010,20410,37980,40330,13380,5520,5870,5620,7100,121010,67320,39740,62590,30740,57090,10660,31140,29540,20070,40740,19280,33850,27270,186920,45500,37880,11570,6860,19130,15120,24750,4440,5780,289630,9740,26740,47780
0,0,0,0,0,0,0,0,0,0,0,0,0,0,0,0,0,0,0,0,0,0,0,0,0,0,0,0,0,0,0,0,0,0,0,0,0,0,0,0,0,0,0,0,0,0,0,0,0,0,0
22270,6890,42660,7000,6470,3400,54890,134630,78510,88170,40770,58270,69840,37860,20400,20370,36820,40100,13050,5430,5880,5440,6370,117930,64180,38180,60870,30440,55540,11030,30880,27200,19290,39630,19160,33410,26570,183240,43970,36820,10350,7070,19520,14170,22820,4700,6430,280270,10300,26350,48710
0,0,0,0,0,0,0,0,0,0,0,0,0,0,0,0,0,0,0,0,0,0,0,0,0,0,0,0,0,0,0,0,0,0,0,0,0,0,0,0,0,0,0,0,0,0,0,0,0,0,0
21370,7280,43490,7030,6610,3360,56230,136240,79170,92010,42900,59790,70100,38490,20200,20240,38800,41540,13580,5490,5560,6070,6550,120850,67000,39860,64010,30490,58100,11340,31940,28840,19020,41990,20200,33100,26660,191080,45900,37780,11100,6590,20440,13840,24030,4740,5840,282850,10530,27130,48750
0,0,0,0,0,0,0,0,0,0,0,0,0,0,0,0,0,0,0,0,0,0,0,0,0,0,0,0,0,0,0,0,0,0,0,0,0,0,0,0,0,0,0,0,0,0,0,0,0,0,0
21930,7250,43690,7460,6850,3610,55510,133910,78880,92480,42120,58090,71250,37790,19730,19620,37890,39430,12640,5150,5600,5590,6080,117970,67000,37990,64000,31090,57250,11300,30230,28830,19130,42020,18640,32280,27220,183330,45030,38650,10720,6630,19930,14140,22850,4200,6050,280330,9760,27740,49570
0,0,0,0,0,0,0,0,0,0,0,0,0,0,0,0,0,0,0,0,0,0,0,0,0,0,0,0,0,0,0,0,0,0,0,0,0,0,0,0,0,0,0,0,0,0,0,0,0,0,0
22070,7420,42730,7030,6510,3740,55620,133360,78410,90710,42930,59320,71930,38440,19920,19710,37440,39300,12870,4790,5730,5340,5980,114430,66720,38360,64540,30430,56730,11540,31460,28700,20450,41940,18680,33290,26940,188610,45010,37850,10980,6150,20130,13720,23910,4230,5050,277600,9390,27780,49120
0,0,0,0,0,0,0,0,0,0,0,0,0,0,0,0,0,0,0,0,0,0,0,0,0,0,0,0,0,0,0,0,0,0,0,0,0,0,0,0,0,0,0,0,0,0,0,0,0,0,0
21970,7660,42690,7590,5940,3390,57710,137520,79470,93070,43400,61300,74170,38650,20300,20270,39480,40490,12610,5020,5640,5790,6190,118290,69940,38570,65830,30640,57750,12160,31700,31120,19930,42540,20550,33720,27300,187230,46050,38840,11510,6240,21560,14540,23950,4450,5430,287150,10310,26890,50470
0,0,0,0,0,0,0,0,0,0,0,0,0,0,0,0,0,0,0,0,0,0,0,0,0,0,0,0,0,0,0,0,0,0,0,0,0,0,0,0,0,0,0,0,0,0,0,0,0,0,0
20100,6990,39550,6870,5940,3060,53990,126770,71240,86340,41010,57060,68920,35850,19470,18150,35620,37230,11870,4250,5420,5900,5550,109180,65260,35010,61430,29020,52560,11210,29120,28080,18900,39870,18660,30670,24630,174840,41600,35550,10400,6070,19690,12670,22250,3830,5120,258160,9390,25860,46670
0,0,0,0,0,0,0,0,0,0,0,0,0,0,0,0,0,0,0,0,0,0,0,0,0,0,0,0,0,0,0,0,0,0,0,0,0,0,0,0,0,0,0,0,0,0,0,0,0,0,0
21070,7340,38360,7300,6220,3400,55510,124570,72350,86340,41160,56380,69830,36880,19020,18710,34200,36500,12010,4370,4840,5770,5420,111240,64200,36450,63570,28250,51900,11210,29250,28280,18680,41430,19190,29920,24770,174180,41780,36480,10530,6360,19930,13000,22250,3650,5140,258310,8850,26610,46180
0,0,0,0,0,0,0,0,0,0,0,0,0,0,0,0,0,0,0,0,0,0,0,0,0,0,0,0,0,0,0,0,0,0,0,0,0,0,0,0,0,0,0,0,0,0,0,0,0,0,0
19670,7080,38930,6920,6150,3490,53630,123640,69850,83940,40140,55510,66640,33700,18190,17630,33230,36290,11480,4190,5230,4860,4680,108130,62730,33400,62610,26930,50840,11040,28850,28030,17630,39320,18230,28350,24260,171810,41400,34850,10270,5810,19790,13110,21480,3660,4690,254480,8340,25450,44050
0,0,0,0,0,0,0,0,0,0,0,0,0,0,0,0,0,0,0,0,0,0,0,0,0,0,0,0,0,0,0,0,0,0,0,0,0,0,0,0,0,0,0,0,0,0,0,0,0,0,0
20050,6690,39320,7380,5500,3230,54840,117360,70150,83800,38870,54650,66370,33500,17500,17020,33380,34380,11160,3990,4950,4990,4710,107110,63080,34860,62680,26330,49900,11250,28820,27040,18090,38150,16770,27440,23260,171550,40660,35830,10320,5880,18280,12000,19370,3840,4320,252720,7640,26020,43920
0,0,0,0,0,0,0,0,0,0,0,0,0,0,0,0,0,0,0,0,0,0,0,0,0,0,0,0,0,0,0,0,0,0,0,0,0,0,0,0,0,0,0,0,0,0,0,0,0,0,0
20580,7120,39200,7400,5630,3540,55900,125350,72010,84810,41250,55950,68000,34780,18940,18330,34160,35290,11280,3580,4590,5370,4700,109630,64380,34580,65280,27460,51460,12140,28210,28500,18180,40550,18650,27160,24080,176570,42880,37590,9970,5780,18730,12400,19470,3540,4950,259450,8940,25740,44040
0,0,0,0,0,0,0,0,0,0,0,0,0,0,0,0,0,0,0,0,0,0,0,0,0,0,0,0,0,0,0,0,0,0,0,0,0,0,0,0,0,0,0,0,0,0,0,0,0,0,0
20260,7470,37840,7160,5700,3190,53360,113740,69450,80290,38370,56540,64200,31000,17150,17060,30490,34580,10640,3610,4980,4740,4030,108780,63400,33050,63010,27380,49660,10390,29040,26880,16820,39960,17470,26890,22050,170650,40850,34450,9670,5680,19380,11900,18200,3540,4370,248770,8190,25450,41540
0,0,0,0,0,0,0,0,0,0,0,0,0,0,0,0,0,0,0,0,0,0,0,0,0,0,0,0,0,0,0,0,0,0,0,0,0,0,0,0,0,0,0,0,0,0,0,0,0,0,0
20690,7480,40030,7680,5800,3870,56300,117910,74000,83590,40840,58740,67750,33710,16720,16840,31840,36210,11190,3440,4660,5500,4540,114200,67150,35480,66500,29140,52360,12070,29170,27520,18070,40830,18750,26990,22470,173880,41630,36120,9830,5490,19870,12530,17680,3420,4610,254000,8730,25520,43680
0,0,0,0,0,0,0,0,0,0,0,0,0,0,0,0,0,0,0,0,0,0,0,0,0,0,0,0,0,0,0,0,0,0,0,0,0,0,0,0,0,0,0,0,0,0,0,0,0,0,0
22840,8120,42720,8240,6240,3630,57970,122930,79330,86760,43270,62140,73370,35250,18430,17490,33520,38410,10810,3870,4740,5410,4290,120710,71020,37760,67450,30780,55640,12040,31020,30110,18540,43670,18480,28240,24340,175560,41460,36700,9630,5580,19680,12980,17750,3520,4950,257260,9140,25280,46580
0,0,0,0,0,0,0,0,0,0,0,0,0,0,0,0,0,0,0,0,0,0,0,0,0,0,0,0,0,0,0,0,0,0,0,0,0,0,0,0,0,0,0,0,0,0,0,0,0,0,0
24320,8740,43890,9660,7110,3970,61960,133850,86100,89630,44790,69070,78320,39390,18870,18530,37040,38760,11520,4290,5220,6490,4390,128840,73590,40300,73260,32420,57630,12320,31630,31600,18710,45250,19750,27290,24520,181400,45290,39240,9630,6700,21910,13820,18510,3870,5020,272200,9240,27400,50310
0,0,0,0,0,0,0,0,0,0,0,0,0,0,0,0,0,0,0,0,0,0,0,0,0,0,0,0,0,0,0,0,0,0,0,0,0,0,0,0,0,0,0,0,0,0,0,0,0,0,0
25870,8910,45510,9950,7240,3960,65960,141210,85760,91110,44420,66960,78040,38690,20270,17640,37140,39160,12400,3600,4920,5950,4220,129110,73010,41400,72240,31370,58920,12710,32240,29780,19280,46400,19400,30000,25400,180130,45420,38690,10150,6030,21450,12950,17500,3530,5630,287620,9920,26470,50340
0,0,0,0,0,0,0,0,0,0,0,0,0,0,0,0,0,0,0,0,0,0,0,0,0,0,0,0,0,0,0,0,0,0,0,0,0,0,0,0,0,0,0,0,0,0,0,0,0,0,0
23770,8820,44300,9220,6850,4110,63000,127980,80970,84500,41370,64470,74070,36010,18320,17220,35290,36890,11170,3830,5070,5960,3910,120330,68010,38610,66690,29910,55440,12610,29920,28900,18000,41350,17500,28380,22720,166870,41440,36560,9320,5530,19530,12360,15620,3180,4770,261270,9180,25510,47330
0,0,0,0,0,0,0,0,0,0,0,0,0,0,0,0,0,0,0,0,0,0,0,0,0,0,0,0,0,0,0,0,0,0,0,0,0,0,0,0,0,0,0,0,0,0,0,0,0,0,0
25300,8770,44060,9110,7360,3790,62040,130160,83980,85320,41670,64880,74560,38160,18490,17160,33740,35840,10830,3790,4490,5980,3650,119900,66890,38570,64550,28850,54760,12330,29180,27510,17680,41030,17650,29110,22880,167070,40180,33880,9200,5540,19510,11840,16120,3230,4840,260760,7990,23800,44840
0,0,0,0,0,0,0,0,0,0,0,0,0,0,0,0,0,0,0,0,0,0,0,0,0,0,0,0,0,0,0,0,0,0,0,0,0,0,0,0,0,0,0,0,0,0,0,0,0,0,0
25320,9100,45320,10070,6880,4420,62720,129150,85020,86070,42480,68060,74230,39200,18970,17080,34770,37550,10800,3900,4760,6060,3570,123700,67090,40220,65960,28660,54640,12140,30100,28450,17720,41930,17290,27610,21710,166040,40070,33440,10170,5670,18960,11810,15290,3200,4650,251700,8690,24310,44360
0,0,0,0,0,0,0,0,0,0,0,0,0,0,0,0,0,0,0,0,0,0,0,0,0,0,0,0,0,0,0,0,0,0,0,0,0,0,0,0,0,0,0,0,0,0,0,0,0,0,0
26220,9320,47710,9870,7310,4150,64810,133140,87340,88700,42280,67470,75230,39750,18690,17250,36300,37750,11510,3980,5090,6250,3720,128410,68810,42250,66570,29930,56750,12460,31830,29720,18510,42410,18740,27580,22420,169380,40070,32290,9370,5920,20240,12560,14760,3350,5090,257080,9240,24640,45600
0,0,0,0,0,0,0,0,0,0,0,0,0,0,0,0,0,0,0,0,0,0,0,0,0,0,0,0,0,0,0,0,0,0,0,0,0,0,0,0,0,0,0,0,0,0,0,0,0,0,0
28520,10400,51170,10990,7980,4960,69040,146070,93010,91630,46340,71490,80710,42430,20080,19040,38430,42540,12350,4080,5450,6320,4210,139630,73120,44260,71090,32020,61460,13010,33490,31830,20160,45860,20720,31240,25440,175420,42140,36820,9760,6520,20370,13900,15730,3490,5650,275060,9380,25360,47580
0,0,0,0,0,0,0,0,0,0,0,0,0,0,0,0,0,0,0,0,0,0,0,0,0,0,0,0,0,0,0,0,0,0,0,0,0,0,0,0,0,0,0,0,0,0,0,0,0,0,0
29030,10170,51170,10700,7440,4550,68800,141160,93460,90740,47130,73070,83790,43450,21730,20370,40160,43120,11640,4540,5290,6670,4060,137720,70610,43460,70240,32630,61040,12800,33850,31260,21070,44940,20470,30170,24720,176630,42760,36540,10120,7160,19570,13200,15130,3620,5570,267080,9160,25630,49600
0,0,0,0,0,0,0,0,0,0,0,0,0,0,0,0,0,0,0,0,0,0,0,0,0,0,0,0,0,0,0,0,0,0,0,0,0,0,0,0,0,0,0,0,0,0,0,0,0,0,0
28370,10340,49340,11010,7750,4700,68770,142870,92820,93160,45700,72570,82800,43370,21150,19510,40910,43880,12620,4810,6230,6350,4290,140790,70590,43540,71810,32360,62320,12660,33440,31960,20480,46060,20100,30990,26350,173400,42840,36410,10770,6850,19830,13650,15310,4110,5050,266330,10070,26320,49680
0,0,0,0,0,0,0,0,0,0,0,0,0,0,0,0,0,0,0,0,0,0,0,0,0,0,0,0,0,0,0,0,0,0,0,0,0,0,0,0,0,0,0,0,0,0,0,0,0,0,0
28100,10760,50740,11070,8420,4860,68430,140390,94390,94720,47090,74060,85720,44170,21540,20480,41940,44830,12990,4500,6170,6300,3620,137870,70080,44330,72010,32410,60340,13460,34230,30700,19530,44420,18870,31990,26530,172530,42360,36510,10330,7270,20060,14630,15590,3670,5510,263980,9460,26500,50330
0,0,0,0,0,0,0,0,0,0,0,0,0,0,0,0,0,0,0,0,0,0,0,0,0,0,0,0,0,0,0,0,0,0,0,0,0,0,0,0,0,0,0,0,0,0,0,0,0,0,0
29260,11210,50700,12220,8230,5130,69260,140890,95800,93600,47900,76850,87750,44950,22770,20310,42360,45350,12930,4880,5870,6090,3750,140510,67130,45150,71160,32650,59800,12840,33640,33070,19920,45500,20830,32530,27350,177250,42460,38260,10950,7750,19200,14390,15170,4360,5670,265280,9330,26470,50180
0,0,0,0,0,0,0,0,0,0,0,0,0,0,0,0,0,0,0,0,0,0,0,0,0,0,0,0,0,0,0,0,0,0,0,0,0,0,0,0,0,0,0,0,0,0,0,0,0,0,0
28640,11080,51500,12040,7910,5240,70560,144790,98110,96210,49290,76990,88700,45730,23330,19820,42210,45000,13870,5110,6200,6380,3650,140290,69610,44810,70640,31940,61580,14010,35010,33720,21440,47370,20480,32860,27560,175030,43230,37710,10930,8200,19390,15000,15800,4500,6370,272280,10390,27180,50860
0,0,0,0,0,0,0,0,0,0,0,0,0,0,0,0,0,0,0,0,0,0,0,0,0,0,0,0,0,0,0,0,0,0,0,0,0,0,0,0,0,0,0,0,0,0,0,0,0,0,0
28870,11140,48920,11080,7700,5120,68180,136700,98160,91620,46530,75300,87190,43820,22240,20310,39480,44060,13740,5070,5590,6460,3430,130850,65960,42610,70050,31290,57870,13350,32890,31760,19530,43810,20360,32970,25620,166870,39530,36850,10220,7540,17840,13700,15160,4630,5760,252030,9720,26940,49660
0,0,0,0,0,0,0,0,0,0,0,0,0,0,0,0,0,0,0,0,0,0,0,0,0,0,0,0,0,0,0,0,0,0,0,0,0,0,0,0,0,0,0,0,0,0,0,0,0,0,0
28800,10450,49090,10930,8350,5040,65280,137770,97950,91950,50290,77510,88700,44540,22430,20260,40160,43300,12680,5390,6190,6290,3740,130250,65300,43170,70320,33260,58600,15550,33450,31380,20930,44830,20090,32880,25270,166400,41130,36270,10270,7810,17950,14350,15410,4800,5830,256130,9740,28000,49010
0,0,0,0,0,0,0,0,0,0,0,0,0,0,0,0,0,0,0,0,0,0,0,0,0,0,0,0,0,0,0,0,0,0,0,0,0,0,0,0,0,0,0,0,0,0,0,0,0,0,0
26750,10900,47300,10780,7870,4980,64840,133000,95260,87620,45980,73800,86500,42240,22440,20280,38580,42180,12390,5060,5800,6690,3340,126120,63680,39410,68420,30630,56610,13930,32760,30670,19560,43250,19620,32610,25850,160800,40080,36460,9850,7790,17860,13750,14610,4270,6000,245200,9610,26700,48860
0,0,0,0,0,0,0,0,0,0,0,0,0,0,0,0,0,0,0,0,0,0,0,0,0,0,0,0,0,0,0,0,0,0,0,0,0,0,0,0,0,0,0,0,0,0,0,0,0,0,0
25600,10390,45780,10690,7540,5240,62120,131730,94190,88240,43870,72930,83180,42350,21610,20290,37810,41650,12700,5170,5990,6280,3440,122790,61680,39620,65740,29460,54050,13910,33620,30210,19190,43170,18570,31390,24430,156840,39390,36520,9940,7600,17420,13830,14300,4800,5550,242870,9460,26340,49710
0,0,0,0,0,0,0,0,0,0,0,0,0,0,0,0,0,0,0,0,0,0,0,0,0,0,0,0,0,0,0,0,0,0,0,0,0,0,0,0,0,0,0,0,0,0,0,0,0,0,0
26190,10560,45280,10380,7210,5250,59980,129720,91740,86710,45640,70790,85090,41570,21700,19670,37650,41490,12440,5270,5690,5970,3340,120820,59850,39780,67190,30900,53940,14210,32350,30990,19380,42470,18010,31060,25400,152290,38320,34620,10170,7660,17210,14290,14380,4470,6220,237170,9360,27090,47300
0,0,0,0,0,0,0,0,0,0,0,0,0,0,0,0,0,0,0,0,0,0,0,0,0,0,0,0,0,0,0,0,0,0,0,0,0,0,0,0,0,0,0,0,0,0,0,0,0,0,0
24180,10480,42190,9770,6960,4740,55280,119270,88440,81500,42630,69360,79340,40250,21410,18940,36020,38670,12370,4670,5630,5820,3240,115910,56570,37110,65690,28600,50720,13240,30790,28040,18510,42270,18520,28980,23790,140770,35870,33600,10200,7840,16320,13680,13950,3950,5400,221810,9460,27810,45320
0,0,0,0,0,0,0,0,0,0,0,0,0,0,0,0,0,0,0,0,0,0,0,0,0,0,0,0,0,0,0,0,0,0,0,0,0,0,0,0,0,0,0,0,0,0,0,0,0,0,0
22970,9520,40590,9770,6480,4730,55190,117350,86110,77790,40750,66250,77710,38460,20440,18410,36060,39340,11880,5040,5250,5390,3490,113440,53580,35650,63450,29150,49890,14160,30310,27850,17750,39610,17780,28080,22830,140010,35270,32920,9670,7790,16130,13810,13330,4150,5240,212700,9540,27350,44650
0,0,0,0,0,0,0,0,0,0,0,0,0,0,0,0,0,0,0,0,0,0,0,0,0,0,0,0,0,0,0,0,0,0,0,0,0,0,0,0,0,0,0,0,0,0,0,0,0,0,0
22440,9780,40090,9600,6170,4670,52330,115070,82990,76100,39580,65190,74160,38250,20590,17400,33720,36860,11850,4940,5230,4970,2730,110200,52180,34580,62020,27740,47220,14380,29100,26870,18060,38610,17430,26930,22680,130680,34860,31170,9650,7510,15860,12830,12150,4220,5160,202520,9210,26090,41210
0,0,0,0,0,0,0,0,0,0,0,0,0,0,0,0,0,0,0,0,0,0,0,0,0,0,0,0,0,0,0,0,0,0,0,0,0,0,0,0,0,0,0,0,0,0,0,0,0,0,0
21090,9490,37720,8550,6310,4580,49630,109850,77690,71120,36320,60800,69760,36140,19170,16490,32590,34130,10800,3910,4920,4970,3090,107900,49980,33930,59620,27430,45160,13140,27950,25660,16440,38330,16680,24950,21150,123630,32610,29970,8790,6820,15130,12040,11440,3940,4490,193930,8810,25070,40810
0,0,0,0,0,0,0,0,0,0,0,0,0,0,0,0,0,0,0,0,0,0,0,0,0,0,0,0,0,0,0,0,0,0,0,0,0,0,0,0,0,0,0,0,0,0,0,0,0,0,0
21080,9680,37450,8940,6250,4830,48640,110750,76170,70740,37410,60860,71270,34840,18170,17070,30840,34270,10680,4220,4710,5330,3160,108000,51350,31920,58300,27080,45810,13100,28120,27210,17290,37540,16750,25130,21390,121520,34350,29230,8670,6940,15790,12820,11290,3890,4500,197050,8530,24880,40010
0,0,0,0,0,0,0,0,0,0,0,0,0,0,0,0,0,0,0,0,0,0,0,0,0,0,0,0,0,0,0,0,0,0,0,0,0,0,0,0,0,0,0,0,0,0,0,0,0,0,0
19950,9050,37440,8460,5700,4350,45180,103930,75210,65230,35880,57960,67400,32280,17770,15090,28490,33120,9770,4090,4630,4780,2950,108210,48340,31430,58560,27220,44570,12980,27290,25400,16170,36690,16580,24480,20190,117980,33410,27730,8470,6780,15470,12550,11420,3270,4350,180950,8320,24240,39430
0,0,0,0,0,0,0,0,0,0,0,0,0,0,0,0,0,0,0,0,0,0,0,0,0,0,0,0,0,0,0,0,0,0,0,0,0,0,0,0,0,0,0,0,0,0,0,0,0,0,0
20440,10540,36510,8760,6220,4680,49060,105080,76560,68930,36280,57560,67870,32530,16980,14840,29290,33510,10540,3950,4820,5750,2800,112430,50590,32430,60710,27820,45420,13300,28740,26370,16950,39330,17500,24340,20670,120850,35280,28760,8600,6830,15880,12290,11140,3410,3650,184710,8720,24360,39720
0,0,0,0,0,0,0,0,0,0,0,0,0,0,0,0,0,0,0,0,0,0,0,0,0,0,0,0,0,0,0,0,0,0,0,0,0,0,0,0,0,0,0,0,0,0,0,0,0,0,0
21150,9360,37280,8390,6140,4480,48410,102090,74390,65630,35470,56680,65780,31910,16620,14740,26970,33820,9400,3610,4470,5390,2770,116110,48000,32230,58370,28320,44730,12460,27240,25430,16570,37440,16770,24420,20150,116270,35980,27310,8740,6660,15490,11220,10510,3520,3580,178030,7840,24290,38440
0,0,0,0,0,0,0,0,0,0,0,0,0,0,0,0,0,0,0,0,0,0,0,0,0,0,0,0,0,0,0,0,0,0,0,0,0,0,0,0,0,0,0,0,0,0,0,0,0,0,0
16220,6360,27380,6210,4710,2690,36240,77960,54330,49190,25780,42710,48860,24260,12770,10830,20790,23890,7530,2620,3260,3690,1950,89930,36640,22870,46140,21420,32540,9660,20440,18080,11660,27790,13190,18350,15940,88660,27640,20280,6480,4690,12900,8890,7940,2680,2700,140470,6600,17880,29570
0,0,0,0,0,0,0,0,0,0,0,0,0,0,0,0,0,0,0,0,0,0,0,0,0,0,0,0,0,0,0,0,0,0,0,0,0,0,0,0,0,0,0,0,0,0,0,0,0,0,0
14840,6550,27540,6120,4270,3150,35210,78040,53530,49040,26390,41620,45640,23940,12510,11650,21400,25380,7540,2510,3500,4100,2120,93550,37620,23000,45860,22260,32970,9380,20530,18770,11570,28890,13360,18000,16050,91320,28310,19520,6790,5170,12490,9240,8270,2800,2870,138500,6970,18630,28850
0,0,0,0,0,0,0,0,0,0,0,0,0,0,0,0,0,0,0,0,0,0,0,0,0,0,0,0,0,0,0,0,0,0,0,0,0,0,0,0,0,0,0,0,0,0,0,0,0,0,0
14760,6980,26580,6380,4490,3410,34420,74170,55680,48290,25150,42450,47450,22500,12980,11130,21510,25770,7370,2980,3050,3820,2200,92260,35910,23020,46280,21370,32270,9050,20770,17770,11780,28520,13350,17810,16240,86760,27770,19100,6710,5090,11780,8950,8360,2360,2380,128510,6510,17360,28010
0,0,0,0,0,0,0,0,0,0,0,0,0,0,0,0,0,0,0,0,0,0,0,0,0,0,0,0,0,0,0,0,0,0,0,0,0,0,0,0,0,0,0,0,0,0,0,0,0,0,0
15180,6450,26660,5910,4680,3100,36230,75420,57380,48750,25900,43210,49130,22500,13150,10520,20710,25600,6460,2650,3400,4080,1930,96400,35820,22170,44450,20630,32120,9440,20330,18210,11560,28570,13050,17230,15980,82600,29540,18270,7000,4770,12130,9160,7890,2320,2600,127150,5370,16490,27240
0,0,0,0,0,0,0,0,0,0,0,0,0,0,0,0,0,0,0,0,0,0,0,0,0,0,0,0,0,0,0,0,0,0,0,0,0,0,0,0,0,0,0,0,0,0,0,0,0,0,0
12520,5920,22210,4930,3390,2390,29890,65670,48920,43040,22690,38040,43940,20860,11020,9750,18400,22920,6120,2510,3060,3750,2110,87110,30190,19410,41470,18940,27860,8600,17610,16560,10400,24720,11630,15710,14210,73770,25170,16360,6240,4460,10730,8010,6710,2260,1820,111970,4930,14880,24170
0,0,0,0,0,0,0,0,0,0,0,0,0,0,0,0,0,0,0,0,0,0,0,0,0,0,0,0,0,0,0,0,0,0,0,0,0,0,0,0,0,0,0,0,0,0,0,0,0,0,0
11480,5310,19920,4380,3270,2170,26490,60310,44620,38960,20750,33380,38070,18190,10590,8790,16480,21260,5120,2300,2810,3460,1420,79110,28020,17380,36990,17710,25440,8380,17470,15250,9830,22930,10850,15050,12910,68040,22930,15350,5680,4170,9520,6930,6070,1910,1910,103320,4830,14160,21650
0,0,0,0,0,0,0,0,0,0,0,0,0,0,0,0,0,0,0,0,0,0,0,0,0,0,0,0,0,0,0,0,0,0,0,0,0,0,0,0,0,0,0,0,0,0,0,0,0,0,0
10180,4940,19380,4330,3190,2120,25700,57940,41950,35870,19520,30850,35700,17570,9820,8620,15690,20460,5440,2100,2700,3020,1470,77670,26350,16400,35010,17120,23690,7440,16680,14110,9280,21000,11190,14020,12930,64210,23470,13510,5120,3870,9200,7170,6380,1940,1750,98620,4550,12930,20150
0,0,0,0,0,0,0,0,0,0,0,0,0,0,0,0,0,0,0,0,0,0,0,0,0,0,0,0,0,0,0,0,0,0,0,0,0,0,0,0,0,0,0,0,0,0,0,0,0,0,0
10070,4680,17970,4050,3090,1940,24180,53480,41270,34130,18600,31280,35700,17470,10190,8530,15070,18810,5150,1830,2490,3300,1500,75610,24000,15130,32830,15520,21570,7780,14610,14150,8730,20490,9580,12990,11600,60530,21320,13330,4890,3580,8450,6950,6050,1710,1520,92160,4370,11870,18310
0,0,0,0,0,0,0,0,0,0,0,0,0,0,0,0,0,0,0,0,0,0,0,0,0,0,0,0,0,0,0,0,0,0,0,0,0,0,0,0,0,0,0,0,0,0,0,0,0,0,0
8740,4310,18240,3490,2920,1830,22780,53320,39330,32940,17650,29170,34540,16420,9150,7490,14070,18060,4890,1950,2420,3430,1350,72290,22530,14710,32760,13380,21410,6780,14280,13190,8770,18390,9260,12180,11690,56930,20890,11920,4330,3310,7940,6370,5820,1510,1450,89610,3820,11250,18010
0,0,0,0,0,0,0,0,0,0,0,0,0,0,0,0,0,0,0,0,0,0,0,0,0,0,0,0,0,0,0,0,0,0,0,0,0,0,0,0,0,0,0,0,0,0,0,0,0,0,0
9580,4380,16680,3330,2510,1590,22170,49150,36580,31020,16650,24000,31930,14730,8730,7260,12840,16030,4700,1990,2480,2520,1300,68400,20410,14260,30030,12670,19640,5970,13250,11190,7570,16510,8750,11170,10140,52220,19710,11000,4270,3520,7470,5620,5370,1450,1340,81560,3410,10740,16900
0,0,0,0,0,0,0,0,0,0,0,0,0,0,0,0,0,0,0,0,0,0,0,0,0,0,0,0,0,0,0,0,0,0,0,0,0,0,0,0,0,0,0,0,0,0,0,0,0,0,0
8400,3810,15380,3260,2410,1590,20600,45820,34560,28120,15590,25770,30430,15520,8490,7320,12690,15920,4560,1720,2210,2320,960,65170,18930,12500,29770,12640,17990,6100,12710,11010,7500,16380,8870,10150,10370,49900,17840,10300,3730,2940,6860,5400,5120,1320,1040,77910,3230,9750,15520
0,0,0,0,0,0,0,0,0,0,0,0,0,0,0,0,0,0,0,0,0,0,0,0,0,0,0,0,0,0,0,0,0,0,0,0,0,0,0,0,0,0,0,0,0,0,0,0,0,0,0
7960,3720,14770,3230,2260,1690,18660,44520,32690,28440,14930,23760,29240,13710,8130,6920,12120,15020,4420,1940,2120,2670,1040,61560,18580,11690,28200,11890,17330,5580,12240,10280,6430,15040,7920,9600,9520,49250,17340,10270,3890,2460,6700,5760,4820,1390,940,76880,3270,9480,14890
0,0,0,0,0,0,0,0,0,0,0,0,0,0,0,0,0,0,0,0,0,0,0,0,0,0,0,0,0,0,0,0,0,0,0,0,0,0,0,0,0,0,0,0,0,0,0,0,0,0,0
7740,3630,13760,3050,2290,1540,18570,40780,30040,25410,13600,20600,25380,12840,7170,6060,10810,13900,4060,1640,1860,2110,930,56230,16420,10190,26020,10650,15060,4630,10810,9180,6330,14090,7030,8460,8550,43030,15600,8800,3260,2550,6390,5070,4400,1040,830,70060,2810,8370,13070
0,0,0,0,0,0,0,0,0,0,0,0,0,0,0,0,0,0,0,0,0,0,0,0,0,0,0,0,0,0,0,0,0,0,0,0,0,0,0,0,0,0,0,0,0,0,0,0,0,0,0
7420,3490,13710,2880,2020,1550,18020,39780,30950,24710,12920,20320,24670,12600,7510,5940,10170,13600,3880,1630,1850,2220,950,56030,15340,10930,26010,9880,15040,4740,10050,9140,5580,12590,6660,8590,7810,40620,14880,8980,3310,2240,5260,4680,4340,1170,880,66180,2950,8260,12910
0,0,0,0,0,0,0,0,0,0,0,0,0,0,0,0,0,0,0,0,0,0,0,0,0,0,0,0,0,0,0,0,0,0,0,0,0,0,0,0,0,0,0,0,0,0,0,0,0,0,0
7420,3460,12890,2390,2000,1210,17800,38600,30480,23070,12430,19160,23900,11970,7160,6010,10570,12460,3740,1600,1890,1910,920,54330,14310,9750,24370,8730,13500,4170,9800,7880,5510,12750,6070,7880,7660,39630,14170,8410,3240,2160,5090,4430,3880,1160,660,64000,2820,8200,11570
0,0,0,0,0,0,0,0,0,0,0,0,0,0,0,0,0,0,0,0,0,0,0,0,0,0,0,0,0,0,0,0,0,0,0,0,0,0,0,0,0,0,0,0,0,0,0,0,0,0,0
7680,3120,12760,2570,2070,1380,17050,36820,29640,23490,11120,20240,23850,11850,6790,5670,10290,11880,3840,1430,1760,1950,880,52740,13320,9760,22960,8390,12800,3970,8610,8120,5010,11300,5640,7460,6950,36760,13810,7570,2560,2200,4460,3910,3850,1120,720,61070,3060,7650,11660
0,0,0,0,0,0,0,0,0,0,0,0,0,0,0,0,0,0,0,0,0,0,0,0,0,0,0,0,0,0,0,0,0,0,0,0,0,0,0,0,0,0,0,0,0,0,0,0,0,0,0
6940,2660,12050,2420,2210,1130,16340,35690,27840,19970,11120,18830,22340,11000,5810,5130,9400,11140,3590,1450,1700,1620,970,49320,12230,9600,22870,7840,12850,4390,8350,7480,4570,10670,5740,7270,7470,33830,12720,7060,2560,2320,4350,3960,3680,970,610,59030,2920,7030,10610
0,0,0,0,0,0,0,0,0,0,0,0,0,0,0,0,0,0,0,0,0,0,0,0,0,0,0,0,0,0,0,0,0,0,0,0,0,0,0,0,0,0,0,0,0,0,0,0,0,0,0
6680,2500,11420,1770,1910,1190,15110,32150,24900,19410,10500,17670,21010,10120,5850,4850,8430,10040,3490,1210,1700,1700,780,44110,10800,8020,21630,6470,11170,3670,7320,6750,4110,9460,4950,6290,5900,30590,11040,6060,2320,1780,3700,3280,3140,900,670,52050,2220,6370,9650
0,0,0,0,0,0,0,0,0,0,0,0,0,0,0,0,0,0,0,0,0,0,0,0,0,0,0,0,0,0,0,0,0,0,0,0,0,0,0,0,0,0,0,0,0,0,0,0,0,0,0
5980,2640,10550,1910,2200,1050,13470,30410,24690,19210,9520,16240,19350,9440,6160,4960,8570,9340,2600,1330,1570,1520,660,40450,10080,7250,20760,6230,10120,3370,6390,6340,4100,8140,4260,6120,5460,27520,10200,5810,2270,1960,3320,3060,2820,830,420,47870,2540,6090,8920
0,0,0,0,0,0,0,0,0,0,0,0,0,0,0,0,0,0,0,0,0,0,0,0,0,0,0,0,0,0,0,0,0,0,0,0,0,0,0,0,0,0,0,0,0,0,0,0,0,0,0
5610,2360,10860,1660,1700,1010,12680,27910,22960,16990,8330,14850,17820,9020,5110,4190,7990,8740,2990,1270,1280,1200,660,37550,8350,7220,19030,5370,9520,2970,6170,5170,3330,7990,4200,5460,5050,24530,9600,5340,1820,1550,2870,3050,2550,740,400,45100,2460,6020,8380
0,0,0,0,0,0,0,0,0,0,0,0,0,0,0,0,0,0,0,0,0,0,0,0,0,0,0,0,0,0,0,0,0,0,0,0,0,0,0,0,0,0,0,0,0,0,0,0,0,0,0
5010,2070,8890,1530,1850,660,10940,25110,20330,14900,7440,13280,15230,7510,4640,4030,6600,7450,2530,1110,1300,1030,680,32910,7050,6230,18180,4950,8050,2870,5480,5000,2810,6740,3760,4600,4790,21730,8140,4720,1790,1190,2730,2170,2360,550,300,40320,2070,5370,7950
0,0,0,0,0,0,0,0,0,0,0,0,0,0,0,0,0,0,0,0,0,0,0,0,0,0,0,0,0,0,0,0,0,0,0,0,0,0,0,0,0,0,0,0,0,0,0,0,0,0,0
4850,1740,8500,1530,1530,720,10530,22110,18780,13010,6720,11850,13770,7110,4200,3600,6120,6900,2430,1000,1090,1120,530,29870,6330,5960,16450,4390,7340,2230,4650,4320,2600,5990,3440,4220,3780,19130,7290,4740,1530,1240,2030,2050,2100,530,310,37290,2240,4810,7320
0,0,0,0,0,0,0,0,0,0,0,0,0,0,0,0,0,0,0,0,0,0,0,0,0,0,0,0,0,0,0,0,0,0,0,0,0,0,0,0,0,0,0,0,0,0,0,0,0,0,0
4160,1580,7550,1190,1260,730,8940,19330,15700,11870,5900,10410,12060,6170,3810,3020,5010,6060,2200,770,890,760,460,26790,5470,4920,15350,3590,6590,2070,4120,3640,2330,5310,2650,3570,3920,16500,6090,3860,1400,1230,1930,1640,2190,560,226.7131168,32960,1580,4290,6530
0,0,0,0,0,0,0,0,0,0,0,0,0,0,0,0,0,0,0,0,0,0,0,0,0,0,0,0,0,0,0,0,0,0,0,0,0,0,0,0,0,0,0,0,0,0,0,0,0,0,0
3530,1250,6330,1150,1350,430,7950,17570,13320,10680,4770,8630,10600,5180,3170,2820,4950,5110,1710,670,1030,620,410,22520,4730,4490,13030,2820,4960,1430,3050,3090,1940,4020,2280,2990,3150,14860,5070,3430,1130,860,1490,1660,1460,430,194.6535598,29120,1690,3740,5550
0,0,0,0,0,0,0,0,0,0,0,0,0,0,0,0,0,0,0,0,0,0,0,0,0,0,0,0,0,0,0,0,0,0,0,0,0,0,0,0,0,0,0,0,0,0,0,0,0,0,0
3290,1080,5580,1070,1000,390,7010,14380,11890,8670,4380,7460,9070,4740,2860,2310,4190,4490,1530,630,770,710,360,19240,4220,3820,12070,2630,4940,1270,2960,2450,1560,3390,2000,2510,2730,11600,4240,2670,1100,850,1152.144412,1370,1367.58605,310,165.9447,25710,1300,3070,4950
0,0,0,0,0,0,0,0,0,0,0,0,0,0,0,0,0,0,0,0,0,0,0,0,0,0,0,0,0,0,0,0,0,0,0,0,0,0,0,0,0,0,0,0,0,0,0,0,0,0,0
2530,790,4420,810,950,400,5820,12430,9620,6890,3300,6470,7110,3630,2070,2120,3610,3520,1340,560,590,520,280,15420,3187.667444,2860,10560,2085.127544,4180,1290,2080,2260,1250,2930,1840,1896.266542,1880,9769.728565,3900,2197,1120,670,961.6229458,770,1141.438619,290,138.5036715,21660,1060,2480,3870
0,0,0,0,0,0,0,0,0,0,0,0,0,0,0,0,0,0,0,0,0,0,0,0,0,0,0,0,0,0,0,0,0,0,0,0,0,0,0,0,0,0,0,0,0,0,0,0,0,0,0
2212,612.1381238,3560.066457,614.8229401,689.9977974,343.6564905,4330.608744,9756.622552,7120.132914,5710.604339,2660.652985,4540.024418,5377.687114,2888.862374,1847.153637,1492.757881,2692.870781,2671.392251,1004.121308,391.9831845,456.4187765,391.9831845,268.4816332,12390.42737,2497.505437,2429.758781,8278.309787,1633.676495,2797.578618,778.5967364,1740,1452.485636,953.109798,2123.689719,1345.092983,1485.705797,1476.648983,7654.484239,2832.481231,1722,757.1182057,638.9862871,753.421923,797.3904507,894.3056972,225.5245719,108.516236,17067.37743,979.9579613,2265.984985,3353.335599
0,0,0,0,0,0,0,0,0,0,0,0,0,0,0,0,0,0,0,0,0,0,0,0,0,0,0,0,0,0,0,0,0,0,0,0,0,0,0,0,0,0,0,0,0,0,0,0,0,0,0
1632,451.5037083,2625.850514,453.4839877,508.9318115,253.4757661,3194.190708,7196.335421,5251.701028,4212.054331,1962.456908,3348.652503,3966.499683,2130.780658,1362.432243,1101.035359,1986.220261,1970.378025,740.6245039,289.1207957,336.6475018,289.1207957,198.0279422,9138.989534,1842.121774,1792.152877,6477.225535,1204.974771,2063.451158,574.2810325,1283,1071.331167,702.9991949,1566.401023,992.1199906,1095.83385,1089.153682,5645.830385,2089.194791,1270,558.4387971,471.3065025,555.7124756,588.1429884,659.6261905,166.3434715,80.03991432,12588.63629,722.8019891,1671.355832,2473.368998
0,0,0,0,0,0,0,0,0,0,0,0,0,0,0,0,0,0,0,0,0,0,0,0,0,0,0,0,0,0,0,0,0,0,0,0,0,0,0,0,0,0,0,0,0,0,0,0,0,0,0
1306,361.3224521,2101.375314,362.9071997,407.2801325,202.8476924,2556.197874,5758.972768,4202.750628,3370.758139,1570.484869,2679.808187,3174.249437,1705.188414,1090.306347,881.119664,1589.50184,1576.823859,592.6956013,231.3731492,269.4070915,231.3731492,158.4747597,7313.610161,1474.184916,1434.196575,5539.208579,964.2987004,1651.306996,459.5768032,1027,857.34845,562.585397,1253.535349,793.9585462,876.95708,871.6111784,4518.158415,1671.908715,1016,446.8988224,377.1699281,444.7170437,470.6700363,527.8755152,133.1187982,64.05311314,10074.24047,578.4328729,1337.526972,1979.349749
0,0,0,0,0,0,0,0,0,0,0,0,0,0,0,0,0,0,0,0,0,0,0,0,0,0,0,0,0,0,0,0,0,0,0,0,0,0,0,0,0,0,0,0,0,0,0,0,0,0,0
942,260.5520091,1515.315632,261.6947811,293.6923962,146.2748121,1843.291187,4152.833338,3030.631264,2430.675979,1132.487022,1932.427401,2288.972255,1229.622639,786.2271151,635.3812151,1146.200286,1137.05811,427.3967167,166.8447076,194.2712348,166.8447076,114.277197,5273.89264,1063.04449,1034.208633,4285.103104,695.3621682,1190.768392,331.4038712,741,618.2396356,405.6840492,903.932628,572.5287568,632.3795483,628.5245833,3258.073904,1205.624428,733,322.2616954,271.9797288,320.6884004,339.403275,380.654524,95.99284545,46.18912337,7264.601411,417.1117689,964.4995424,1427.32219
0,0,0,0,0,0,0,0,0,0,0,0,0,0,0,0,0,0,0,0,0,0,0,0,0,0,0,0,0,0,0,0,0,0,0,0,0,0,0,0,0,0,0,0,0,0,0,0,0,0,0
686,189.7265398,1103.409613,190.5586738,213.8584243,106.5131452,1342.232056,3023.974762,2206.819226,1769.948904,824.644741,1407.138504,1666.764295,895.3761264,572.5081552,462.6664743,834.6303483,827.9732768,311.218096,121.4915562,141.4627709,121.4915562,83.21339465,3840.298163,774.0786701,753.0812216,3423.950678,506.3428931,867.0835723,241.3188445,539,450.1844651,295.407551,658.2179517,416.8991072,460.4807461,457.6736706,2372.436469,877.9013136,534,234.6617729,198.0478793,233.5161443,247.1437821,277.1817648,69.89925151,33.63360192,5289.875498,303.7288905,702.3210509,1039.335299
0,0,0,0,0,0,0,0,0,0,0,0,0,0,0,0,0,0,0,0,0,0,0,0,0,0,0,0,0,0,0,0,0,0,0,0,0,0,0,0,0,0,0,0,0,0,0,0,0,0,0
497,137.3910204,799.03725,137.9936126,154.866194,77.1318009,971.9812098,2189.820035,1598.0745,1281.713598,597.1688648,1018.983401,1206.992166,648.3892013,414.5834299,335.0412602,604.3999711,599.5792336,225.3694808,87.97846041,102.4406731,87.97846041,60.25921946,2780.962978,560.5512989,545.3459361,2679.308695,366.6696647,627.9010667,174.7517364,390,326.0023773,213.9202291,476.6504259,301.8986895,333.4584588,331.425707,1718.006703,635.7347653,386,169.9309989,143.4169423,169.1013886,178.9698818,200.7219735,50.61774434,24.35586972,3830.678581,219.946151,508.5878122,752.637651
0,0,0,0,0,0,0,0,0,0,0,0,0,0,0,0,0,0,0,0,0,0,0,0,0,0,0,0,0,0,0,0,0,0,0,0,0,0,0,0,0,0,0,0,0,0,0,0,0,0,0
345,95.34597405,554.5121122,95.76415814,107.4733129,53.52756438,674.530948,1519.681007,1109.024224,889.4775737,414.4204398,707.1493075,837.6227457,449.966088,287.7106585,232.5103578,419.438649,416.0931762,156.4008522,61.05487812,71.09129644,61.05487812,41.81840967,1929.919606,389.0087537,378.4566075,2026.553538,254.4596892,435.7478288,121.273388,271,226.2375963,148.4553543,330.7836205,209.5102324,231.4119327,230.0012532,1192.254211,441.184222,268,117.9279153,99.52781501,117.3521863,124.2006767,139.296091,35.12746412,16.9023719,2658.396303,152.6371953,352.9473776,522.3119368
0,0,0,0,0,0,0,0,0,0,0,0,0,0,0,0,0,0,0,0,0,0,0,0,0,0,0,0,0,0,0,0,0,0,0,0,0,0,0,0,0,0,0,0,0,0,0,0,0,0,0
231,63.95938161,371.9742983,64.23990521,72.09456611,35.90702125,452.4845725,1019.422775,743.9485966,596.6737048,277.9988911,474.3654136,561.8887779,301.8433974,193.0002392,155.9711236,281.3651744,279.1209855,104.9158277,40.95644612,47.6890126,40.95644612,28.05236036,1294.61643,260.952385,253.8738612,1459.670893,170.6950349,292.3055949,81.35184503,182,151.7632695,99.58587926,221.8941704,140.5423254,155.2342851,154.287982,799.7804081,295.9524017,180,79.1076562,66.76461765,78.72144932,83.31551026,93.44172033,23.5639827,11.33834192,1783.288548,102.3911153,236.7619214,350.3739808
0,0,0,0,0,0,0,0,0,0,0,0,0,0,0,0,0,0,0,0,0,0,0,0,0,0,0,0,0,0,0,0,0,0,0,0,0,0,0,0,0,0,0,0,0,0,0,0,0,0,0
149,41.13591743,239.2378356,41.31633812,46.36811745,23.09384838,291.0185737,655.6487892,478.4756711,383.7548086,178.7969043,305.0913876,361.382643,194.1326629,124.129435,100.3139039,180.9619525,179.518587,67.47733823,26.34142081,30.67151738,26.34142081,18.04206905,832.6414865,167.8333263,163.2807249,1012.238424,109.783689,187.9983595,52.32200024,117,97.60759354,64.04934512,142.7127662,90.39076592,99.84000113,99.23137976,514.3842858,190.3438284,116,50.87863471,42.94012433,50.63024309,53.58494507,60.09768692,15.155338,7.292332811,1146.934329,65.85355202,152.2750628,225.3454424
0,0,0,0,0,0,0,0,0,0,0,0,0,0,0,0,0,0,0,0,0,0,0,0,0,0,0,0,0,0,0,0,0,0,0,0,0,0,0,0,0,0,0,0,0,0,0,0,0,0,0
96,26.4383338,153.7597834,26.5542914,29.80110432,14.84257336,187.0396158,421.3899343,307.5195668,246.6418245,114.9139859,196.084309,232.2630815,124.7703823,79.7788318,64.47242803,116.3054772,115.3778163,43.36814403,16.92981024,19.71279274,16.92981024,11.59576044,535.1443441,107.8676198,104.941632,703.2160465,70.55872329,120.8278237,33.62770527,75,62.73306396,41.16494955,91.72246505,58.09475979,64.1678475,63.7766824,330.5982775,122.3352726,74,32.70004443,27.59790984,32.54040145,34.4394085,38.62519196,9.740438767,4.686831875,737.142491,42.32452559,97.86821808,144.8310479
0,0,0,0,0,0,0,0,0,0,0,0,0,0,0,0,0,0,0,0,0,0,0,0,0,0,0,0,0,0,0,0,0,0,0,0,0,0,0,0,0,0,0,0,0,0,0,0,0,0,0
146,40.48653965,235.4611911,40.66411219,45.63614338,22.72928542,286.4245108,645.2986188,470.9223823,377.6967975,175.9743895,300.2751691,355.6778023,191.0680556,122.1699091,98.73033354,178.10526,176.6846796,66.41213083,25.92559118,30.1873322,25.92559118,17.75725423,819.4972829,165.1838842,160.7031508,1215.214721,108.0506272,185.0305891,51.49603728,115,96.0667454,63.03825253,140.459881,88.96384371,98.26391187,97.66489828,506.2641381,187.3390322,114,50.07545694,42.26226508,49.83098646,52.73904507,59.1489758,14.91609356,7.177214949,1128.828652,64.81397795,149.8712257,221.7881054
0,0,0,0,0,0,0,0,0,0,0,0,0,0,0,0,0,0,0,0,0,0,0,0,0,0,0,0,0,0,0,0,0,0,0,0,0,0,0,0,0,0,0,0,0,0,0,0,0,0,0
